ticker,name,index,market,cost,company,class,country
ACWI,iシェアーズ MSCI ACWI ETF,MSCI全世界指数（ACWI）に連動する。新興国を含めた全世界48カ国の時価総額85％をカバーする。,NASDAQ,0.0032,ブラックロック･ファンド・アドバイザーズ,グローバル,米国
AFK,ヴァンエックベクトル アフリカ インデックス ETF,MVIS GDPアフリカ指数にできるだけ連動する運用実績を目指す。,NYSE Arca,0.0079,ヴァン・エック・グローバル,グローバル,米国
AIQ,グローバルX AI ＆ ビッグデータETFF,Indxx・アーティフィシャル・インテリジェンス・アンド・ビッグデータ・インデックス,NASDAQ,0.0068,グローバルエックス・マネジメント,グローバル,米国
BUG,グローバルX サイバーセキュリティ ETFF,Indxx ・サイバーセキュリティ・インデックス,NASDAQ,0.005,グローバルエックス・マネジメント,グローバル,米国
CWI,SPDR MSCI 全世界株式（除く米国）ETF,MSCIオール・カントリー・ワールド（除く米国）指数に連動した成果を目指す。,NYSE Arca,0.003,SSGA ファンズ・マネジメント・インク,グローバル,米国
DES,WisdomTree U.S. SmallCap Dividend Fund ウィズダムツリー 米国小型株配当ファンド,配当支払いを行う時価総額の小さい企業の投資成果への連動を目指す。,NYSE Arca,0.0038,ウィズダムツリー・アセット・マネジメント,グローバル,米国
DEW,ウィズダムツリー 世界株 高配当ファンド,ウィズダムツリー グローバル エクイティ インカム インデックスに連動した成果を目指す。,NYSE Arca,0.0058,ウィズダムツリー・アセット・マネジメント,グローバル,米国
DFE,ウィズダムツリー 欧州小型株配当ファンド,ウィズダムツリー ヨーロッパ スモールキャップ ディビデンド インデックスに連動した成果を目指す。,NYSE Arca,0.0058,ウィズダムツリー・アセット・マネジメント,グローバル,米国
DLN,WisdomTree U.S. LargeCap Dividend Fund ウィズダムツリー 米国株大型株配当ファンド,米国市場にて配当支払を行う時価総額の大きい企業の投資成果への連動を目指す。,NYSE Arca,0.0028,ウィズダムツリー・アセット・マネジメント,グローバル,米国
DON,WisdomTree U.S. MidCap Dividend Fund ウィズダムツリー 米国中型株配当ファンド,米国市場にて配当支払を行う時価総額の中位にあたる企業に投資することを目的とし、投資成果への連動を目指す。,NYSE Arca,0.0038,ウィズダムツリー・アセット・マネジメント,グローバル,米国
DGRW,WisdomTree U.S. Quality Dividend Growth Fund ウィズダムツリー 米国株クオリティ配当成長ファンド,配当支払を行う米国市場にて成長性のある、時価総額の大きい企業の投資成果への連動を目指す。,NASDAQ,0.0028,ウィズダムツリー・アセット・マネジメント,グローバル,米国
DGRS,WisdomTree U.S. SmallCap Quality Dividend Growth Fund ウィズダムツリー 米国小型株クオリティ配当成長ファンド,米国市場にて配当支払を行う成長性のある時価総額の小さい企業の投資成果への連動を目指す。,NASDAQ,0.0038,ウィズダムツリー・アセット・マネジメント,グローバル,米国
EDC,Direxion デイリー新興国株ブル3倍 ETF,MSCI新興国株価指数の300%のパフォーマンスに連動した成果を目指す。,NYSE Arca,0.0095,Direxion Investments,グローバル,米国
EDZ,Direxion デイリー新興国株ベア3倍 ETF,MSCI新興国株価指数の値動きの反対方向の300%のパフォーマンスに連動した成果を目指す。,NYSE Arca,0.0095,Direxion Investments,グローバル,米国
EEM,iシェアーズ MSCI エマージング・マーケット ETF,MSCI エマージング・マーケット・インデックスに連動。アルゼンチン、ブラジル、チリを始めとする計26ヶ国のエマージング・マーケットの指数から構成されている。,NYSE Arca,0.0068,ブラックロック･ファンド・アドバイザーズ,グローバル,米国
EFA,iシェアーズ MSCI EAFE ETF,MSCI・EAFEインデックス･ファンドに連動。ヨーロッパ、オーストラリア及び極東の株式を含む。,NYSE Arca,0.0032,ブラックロック･ファンド・アドバイザーズ,グローバル,米国
EMLC,ヴァンエックベクトル J.P. モルガン新興国債券（現地通貨建て）ETF,JPモルガン国債指数新興国市場グローバル・コアの指数値にできるだけ連動する投資成果を上げることを目指す。,NYSE Arca,0.003,ヴァン・エック・グローバル,グローバル,米国
EPP,iシェアーズ MSCI パシフィック（除く日本）ETF,MSCIパシフィック・フリー・イーエックスジャパン・インデックスに連動。主にオーストラリア、香港、ニュージーランドおよびシンガポールの4つの国の株式で構成されている。,NYSE Arca,0.0048,ブラックロック･ファンド・アドバイザーズ,グローバル,米国
FEZ,SPDRユーロ・ストックス50 ETF,ユーロ・ストックス50指数,NYSE Arca,0.0029,SSGA ファンズ・マネジメント・インク,グローバル,米国
HEDJ,ウィズダムツリー 欧州株米ドルヘッジ付ファンド,ウィズダムツリー ヨーロッパ ヘッジド エクイティ インデックスに連動した成果を目指す。,NYSE Arca,0.0058,ウィズダムツリー・アセット・マネジメント,グローバル,米国
HEZU,iシェアーズ 米ドルヘッジ MSCIユーロゾーンETF,iシェアーズ米ドルヘッジMSCIユーロゾーンETFはユーロを基準通貨とする先進国の大型および中型の株式で構成される指数と同等の投資成果を目指すと同時に、ユーロと米ドル間の為替変動の影響を軽減することを目指します。,NYSE Arca,0.0052,ブラックロック･ファンド・アドバイザーズ,グローバル,米国
HYEM,ヴァンエックベクトル新興国ハイ イールド債ETF,BofA Merrill LynchハイイールドUSエマージング・マーケッツ・リキッド・コーポレート・プラス・インデックスの価格と利回り（手数料と経費控除前）にできるだけ連動する運用実績を目指します。,NYSE Arca,0.004,ヴァン・エック・グローバル,グローバル,米国
IDX,ヴァンエックベクトル インドネシア インデックス ETF,MVIS・インドネシア・インデックスにできるだけ連動する運用実績を目指す。,NYSE Arca,0.0057,ヴァン・エック・グローバル,グローバル,米国
IEMG,iシェアーズ・コア MSCI エマージング・マーケット ETF,MSCI エマージング・マーケット IMI インデックスへの連動を目指す。BRICS（ブラジル、ロシア、インド、中国）やアジア主要国も当該指数に含まれる。,NYSE Arca,0.0009,ブラックロック･ファンド・アドバイザーズ,グローバル,米国
IEV,iシェアーズ ヨーロッパ ETF,大陸欧州と英国の株式のパフォーマンスを測るS&Pヨーロッパ350指数に連動する。10の市場セクターをカバーして地理的／経済的多様性を提供する350銘柄によって構成される。,NYSE Arca,0.0058,ブラックロック･ファンド・アドバイザーズ,グローバル,米国
IFGL,iシェアーズ 先進国（除く米国）REIT ETF,FTSE EPRA Nareit 先進国（除く米国）不動産インデックスは、カナダ、欧州およびアジアの不動産市場の不動産保有、売買および開発に携わる企業のパフォーマンスを測る指標。,NASDAQ,0.0048,ブラックロック･ファンド・アドバイザーズ,グローバル,米国
IHY,ヴァンエックベクトル国際ハイ イールド債ETF,BofA Merrill Lynchグローバル・ハイイールド・コンストレインド・インデックス（米国を除く)に連動する運用実績を目指します。,NYSE Arca,0.004,ヴァン・エック・グローバル,グローバル,米国
ILF,iシェアーズ ラテンアメリカ 40 ETF,S&P ラテンアメリカ40インデックスによって表されるメキシコおよび南米の企業の株価および利回り実績と同等水準の投資成果（報酬および経費控除前）に連動する。,NYSE Arca,0.0047,ブラックロック･ファンド・アドバイザーズ,グローバル,米国
IOO,iシェアーズ グローバル 100 ETF,S&Pグローバル100インデックスに連動。同指数は世界の株式市場を代表する大型国際株約100銘柄で構成される。,NYSE Arca,0.004,ブラックロック･ファンド・アドバイザーズ,グローバル,米国
IDHQ,インベスコ S&P世界先進国クオリティ ETF,S&P 世界先進国ハイクオリティ・ランキング・インデックスの株価・配当利回りに連動する。,NYSE Arca,0.0029,インベスコ・パワーシェアーズ・キャピタル・マネジメント LLC,グローバル,米国
PFF,iシェアーズ 優先株式 & インカム証券 ETF,ICE 上場優先株式 ＆ ハイブリッド証券 インデックスに連動。米ドル建て優先株式・ハイブリッド証券を対象とした指数への連動を目指す。,NASDAQ,0.0045,ブラックロック･ファンド・アドバイザーズ,グローバル,米国
PXF,インベスコ FTSE RAFI 先進国市場（米国を除く）ETF,FTSEインターナショナル社のRAFI 先進国（米国を除く）インデックスの株価・配当利回りに連動する。,NYSE Arca,0.0045,インベスコ・パワーシェアーズ・キャピタル・マネジメント LLC,グローバル,米国
REMX,ヴァンエックベクトル レアアース/戦略的金属ETF,MVIS レアアース/戦略的金属インデックスにできるだけ連動する運用実績を目指す。,NYSE Arca,0.006,ヴァン・エック・グローバル,グローバル,米国
RWX,SPDR ダウ ジョーンズ インターナショナル リアル エステートETF,ダウ・ジョーンズ・グローバル（除く米国）セレクト・リアル・エステート・セキュリティーズ 指数に連動した成果を目指す。,NYSE Arca,0.0059,SSGA ファンズ・マネジメント・インク,グローバル,米国
SOCL,グローバル X ソーシャルメディア ETFF,ソラクティブ・ソーシャルメディア・トータル・リターン・インデックス,NASDAQ,0.0065,グローバルエックス・マネジメント,グローバル,米国
SPDW,SPDRポートフォリオ先進国株式（除く米国）ETF,S&P 先進国（除く米国）BMI指数,NYSE Arca,0.0004,SSGA ファンズ・マネジメント・インク,グローバル,米国
TOK,iシェアーズ MSCI コクサイ ETF,日本を除く先進22カ国の主要企業の株式によって構成されるMSCIコクサイ指数に連動する。,NYSE Arca,0.0025,ブラックロック･ファンド・アドバイザーズ,グローバル,米国
VEU,バンガード FTSE・オールワールド(除く米国)ETF,米国を除く先進国および新興国約50カ国の、約2,200銘柄で構成される、FTSEオールワールド（除く米国）インデックスに連動したパフォーマンスを目指します。,NYSE Arca,0.0008,バンガード グループ,グローバル,米国
VGK,バンガード FTSE ヨーロッパETF,FTSE欧州先進国オールキャップ・インデックスのパフォーマンスに一致する投資成果を目指す。,NYSE Arca,0.0008,バンガード グループ,グローバル,米国
VPL,バンガード FTSE パシフィックETF,FTSEアジアパシフィック先進国オールキャップ・インデックスのパフォーマンスに一致する投資成果を目指す。,NYSE Arca,0.0008,バンガード グループ,グローバル,米国
VSS,バンガード FTSE オールワールド（除く米国） スモールキャップETF,FTSEグローバル・スモールキャップ (除く米国) インデックスのパフォーマンスに一致する投資成果を目指す,NYSE Arca,0.0011,バンガード グループ,グローバル,米国
VT,バンガード トータル ワールド ストック ETF,FTSEグローバル・オールキャップ・インデックスのパフォーマンスに一致する投資成果を目指す,NYSE Arca,0.0008,バンガード グループ,グローバル,米国
VWO,バンガード FTSE エマージング マーケッツETF,FTSEエマージング・マーケッツ・オールキャップ中国A株トランジション・インデックスに連動した動きを目指す。,NYSE Arca,0.001,バンガード グループ,グローバル,米国
VXUS,バンガード トータル・インターナショナル・ストックETF,米国を除く世界の市場の98%をカバーする、FTSEグローバル・オールキャップ(除く米国)インデックスに連動したパフォーマンスを目指します。,NASDAQ,0.0008,バンガード グループ,グローバル,米国
02802,iShares MSCI Emerging Asia Index ETF iシェアーズ MSCI エマージング･アジアETF,MSCI エマージング アジア インデックス構成銘柄に投資することにより、同指数の実績に概ね対応する投資成果（手数料及び経費控除前）をあげることを目標としています。,メインボード,0.0059,ブラックロック・ファンド・アドバイザーズ,グローバル,香港
02809,GLOBAL X China Clean Energy ETF クローバルX 中国クリーン・エナジーETF,ソラクティブ・チャイナ・クリーン・エナジー・インデックスに連動する投資成果を目指す。,香港 メインボード,0.0068,ミレーアセットグローバルインベストメント,グローバル,香港
02820,Global X China Biotech ETF グローバルX チャイナ・バイオテックETF,ソラクティブ・チャイナ・バイオテック指数NTRのパフォーマンス(手数料および経費控除前)に連動する投資成果を目指す。,メインボード,0.0068,ミレーアセットグローバルインベストメント,グローバル,香港
02822,CSOP FTSE China A50 ETF CSOP FTSE中国A50 ETF,FTSE中国A50指数に連動する投資成果を目指す。同指数はFTSEにより厳選された中国の大手企業50社で構成される中国株式市場の代表的な指数の一つ。,香港 メインボード,0.0118,CSOPアセットマネジメント,グローバル,香港
02826,Global X China Cloud Computing ETF グローバルX チャイナ・クラウド・コンピューティングETF,ソラクティブ・チャイナ・クラウド・コンピューティング指数NTRのパフォーマンス(手数料および経費控除前)に連動する投資成果を目指す。,メインボード,0.0068,ミレーアセットグローバルインベストメント,グローバル,香港
02845,GLOBAL X China Electric Vehicle ETF クローバルX 中国EV＆バッテリーETF,ソラクティブ・チャイナ・EV&バッテリー・インデックスのパフォーマンスに連動する投資成果を目指す。,香港 メインボード,0.0068,ミレーアセットグローバルインベストメント,グローバル,香港
03033,CSOP Hang Seng TECH Index ETF CSOPハンセンテックインデックスETF,ハンセンテック指数に連動する投資成果を目指す。同指数は中国テック業界を代表する大手30銘柄から構成されており、中国のクラウドコンピューティング、ビデオゲーム、デリバリー等のプラットフォーム経済など成長性高いテック銘柄などへ投資が可能。,香港 メインボード,0.0106,CSOPアセットマネジメント,グローバル,香港
AIRR,FT RBA アメリカンインダストリアル ETF,リチャード・バーンスタイン・アドバイザーズ・アメリカン・インダストリアル・ルネッサンス指数,NASDAQ,0.007,ファーストトラスト,先進国,米国
CIBR,FT ＮＡＳＤＡＱ サイバーセキュリティ ETF,ナスダック CTA サイバーセキュリティ指数,NASDAQ,0.006,ファーストトラスト,先進国,米国
DFJ,ウィズダムツリー 日本小型株配当ファンド,ウィズダムツリー ジャパン スモールキャップ ディビデンド インデックスに連動した成果を目指す。,NYSE Arca,0.0058,ウィズダムツリー・アセット・マネジメント,先進国,米国
DHS,ウィズダムツリー 米国株 高配当ファンド,ウィズダムツリー ディビデンド インデックスに連動した成果を目指す。,NYSE Arca,0.0038,ウィズダムツリー・アセット・マネジメント,先進国,米国
DIA,SPDR ダウ工業株平均ETF,米国ダウジョーンズ工業株30種平均指数に連動する。,NYSE Arca,0.0016,ステート・ストリート・グローバル・アドバイザーズ,先進国,米国
DIV,Global X SuperDividend US ETF グローバルX スーパーディビィデンド-米国低ベータ ETF,Indxx スーパーディビィデンド® U.S. ロー・ボラティリティインデックスに連動する投資成果を目指します。,NYSEArca,0.0046,グローバルエックス・マネジメント,先進国,米国
DJIA,Dow 30 Covered Call ETF グローバルX ダウ30 カバード コール ETF,ダウ・ジョーンズ工業株価平均Cboe バイライト・V2・インデックスの価格および利回りのパフォーマンスに原則的に連動する投資成果を提供することを目指す。,NYSEArca,0.006,グローバルエックス・マネジメント,先進国,米国
DRIV,グローバルＸ 自動運転＆EV ETF,自動運転技術、EV、EVに使用される部品および材料の開発に携わる企業に投資します。,NASDAQ,0.0068,グローバルエックス・マネジメント,先進国,米国
DRN,Direxion デイリー米国REITブル3倍 ETF,米国IMI不動産25/50指数の300%のパフォーマンスに連動した成果を目指す。,NYSE Arca,0.0095,Direxion Investments,先進国,米国
DRV,Direxion デイリー米国REITベア3倍 ETF,米国IMI不動産25/50指数の値動きの反対方向の300%のパフォーマンスに連動した成果を目指す。,NYSE Arca,0.0095,Direxion Investments,先進国,米国
DXJ,ウィズダムツリー 日本株米ドルヘッジ付ファンド,ウィズダムツリー ジャパン ヘッジド エクイティ インデックスに連動した成果を目指す。,NYSE Arca,0.0048,ウィズダムツリー・アセット・マネジメント,先進国,米国
DXJS,ウィズダムツリー 日本小型株米ドルヘッジ付ファンド,ウィズダムツリー ジャパン ヘッジド スモールキャップ エクイティ インデックスに連動した成果を目指す。,NASDAQ,0.0058,ウィズダムツリー・アセット・マネジメント,先進国,米国
EUDG,WisdomTree Europe Quality Dividend Growth Fund ウィズダムツリー 欧州株クオリティ配当成長ファンド,欧州市場にて配当支払を行う成長性のある企業の投資成果への連動を目指す。,NYSE Arca,0.0058,ウィズダムツリー・アセット・マネジメント,先進国,米国
EWG,iシェアーズ MSCI ドイツ ETF,iシェアーズ MSCI ドイツ ETFは、ドイツの株式で構成されているMSCI ドイツ・インデックスと同等の投資成果をあげることを目指しています。,NYSE Arca,0.0049,ブラックロック･ファンド・アドバイザーズ,先進国,米国
EWJ,iシェアーズ MSCI ジャパン ETF,MSCI日本指数に連動した成果を目指す。,NYSE Arca,0.0049,ブラックロック･ファンド・アドバイザーズ,先進国,米国
FBT,FT バイオテクノロジー ETF,NYSE・アーカ・バイオテクノロジー指数,NYSE Arca,0.0055,ファーストトラスト,先進国,米国
FCVT,FT SSI 戦略的上場転換株 ETF,連動指数無,NASDAQ,0.0095,ファーストトラスト,先進国,米国
FDL,First Trust Morningstar Dividend Leaders Index Fund ファースト・トラスト・モーニングスター・ディビデント・リーダーズ・インデックス・ファンド,モーニングスター配当リーダーズ指数,NYSE Arca,0.0045,ファーストトラスト,先進国,米国
FDM,FT ダウジョーンズ マイクロキャップ ETF,ダウ・ジョーンズ・セレクト・マイクロキャップ指数,NYSE Arca,0.006,ファーストトラスト,先進国,米国
FDNI,FT ダウジョーンズ インターネット企業 ETF,ダウ・ジョーンズ・インターナショナル・インターネット指数,NASDAQ,0.0065,ファーストトラスト,先進国,米国
FGD,FT ダウジョーンズ グローバル配当 ETF,ダウ・ジョーンズ・グローバル・セレクト・ディビデンド指数,NYSE Arca,0.0057,ファーストトラスト,先進国,米国
FIW,FT ウォーター ETF,ISE・クリーン・エッジ・ウォーター指数,NYSE Arca,0.0054,ファーストトラスト,先進国,米国
FIXD,FT ＴＣＷ オポチュニスティック ETF,連動指数無,NASDAQ,0.0056,ファーストトラスト,先進国,米国
FPE,FT プリファードセキュリティーズ ETF,連動指数無,NYSE Arca,0.0085,ファーストトラスト,先進国,米国
FPXI,FT 外国株式 オポチュニティーズ ETF,IPOX インターナショナル指数,NASDAQ,0.007,ファーストトラスト,先進国,米国
FPX,First Trust US Equity Opportunities ETF ファースト トラスト 米国エクイティ オポチュニティーズ ETF,IPOX 100米国指数,NYSE Arca,0.0058,ファーストトラスト,先進国,米国
FTGC,First Trust Global Tactical Commodity Strategy Fund ファースト・トラスト・グローバル・タクティカル・コモディティ・ストラテジー・ファンド,連動指数無し,NASDAQ,0.0095,ファーストトラスト,先進国,米国
FTLS,FT タクティカルロングショート ETF,連動指数無,NYSE Arca,0.0155,ファーストトラスト,先進国,米国
FTSL,FT シニアローンファンド ETF,連動指数無,NASDAQ,0.0086,ファーストトラスト,先進国,米国
FTXL,FT NASDAQ セミコンダクター ETF,ナスダック米国スマート半導体指数,NASDAQ,0.006,ファーストトラスト,先進国,米国
FVD,First Trust Value Line® Dividend Index Fund ファースト トラスト バリュー ライン ディビデント インデックス ファンド,バリュー・ライン配当指数,NYSE Arca,0.007,ファーストトラスト,先進国,米国
FXH,FT ヘルスケア アルファデックス ETF,ストラタクワント・ヘルスケア指数,NYSE Arca,0.0061,ファーストトラスト,先進国,米国
FXL,FT テクノロジー アルファデックス ETF,ストラタクワント・テクノロジー指数,NYSE Arca,0.0061,ファーストトラスト,先進国,米国
FXN,First Trust Energy Alphadex Fund ファースト・トラスト・エネルギー・アルファデックス・ファンド,StrataQuant EnergyAlphaDEX指数,NYSE Arca,0.0064,ファーストトラスト,先進国,米国
FXZ,First Trust Materials Alphadex Fund ファースト・トラスト・マテリアルズ・アルファデックス・ファンド,StrataQuant材料アルファDEXインデックス,NYSE Arca,0.0064,ファーストトラスト,先進国,米国
GRID,FT NASDAQ 次世代送電線関連株 ETF,ナスダック  OMX クリーンエッジ・スマートグリッド ・インフラストラクチャー指数,NASDAQ,0.007,ファーストトラスト,先進国,米国
HEWG,iシェアーズ 米ドルヘッジ MSCI ドイツ ETF,iシェアーズ 米ドルヘッジ MSCI ドイツ ETFは大型および中型のドイツ株式で構成された指数と同等の投資成果をあげることを目指すと同時に、ユーロと米ドル間の為替変動の影響を軽減することを目指します。,NASDAQ,0.0053,ブラックロック･ファンド・アドバイザーズ,先進国,米国
HEWJ,iシェアーズ 米ドルヘッジ MSCI ジャパン ETF,iシェアーズ 米ドルヘッジ MSCI ジャパン ETFは大型および中型の日本株式で構成された指数と同等の投資成果をあげることを目指すと同時に、日本円と米ドル間の為替変動の影響を軽減することを目指します。,NYSE Arca,0.0049,ブラックロック･ファンド・アドバイザーズ,先進国,米国
HDV,iシェアーズ・コア 米国高配当株 ETF,米モーニングスター社が開発・算出する「モーニングスター配当フォーカス指数」を連動対象とし、米国市場に上場する高配当株に投資します。,NYSE Arca,0.0008,ブラックロック･ファンド・アドバイザーズ,先進国,米国
IJH,iシェアーズ・コア S&P 中型株 ETF,S&P MidCap 400インデックスは米国株式市場の中型株のパフォーマンスを測定する指標。,NYSE Arca,0.0005,ブラックロック･ファンド・アドバイザーズ,先進国,米国
IJR,iシェアーズ・コア S&P 小型株 ETF,時価総額3～10億ドルの米国小型株約600銘柄に投資し、S&P小型株600指数の価格と利回りに連動する。,NYSE Arca,0.0006,ブラックロック･ファンド・アドバイザーズ,先進国,米国
IVOG,バンガード S&Pミッドキャップ400グロースETF,米国株式市場の、多種多様な産業を代表する中型株式400銘柄のうち、グロース株をカバーする、S&Pミッドキャップ400グロース指数に連動したパフォーマンスを目指します。,NYSE Arca,0.0015,バンガード グループ,先進国,米国
IVOO,バンガード S&Pミッドキャップ400 ETF,米国株式市場の、多種多様な産業を代表する中型株式400銘柄で構成される、S&Pミッドキャップ400指数に連動したパフォーマンスを目指します。,NYSE Arca,0.001,バンガード グループ,先進国,米国
IVOV,バンガード S&Pミッドキャップ400バリューETF,米国株式市場の、多種多様な産業を代表する中型株式400銘柄のうち、バリュー株をカバーする、S&Pミッドキャップ400バリュー指数に連動したパフォーマンスを目指します。,NYSE Arca,0.0015,バンガード グループ,先進国,米国
IVV,iシェアーズ・コア S&P 500 ETF,米国受益証券市場の大型株を含むS&P500指数に連動。,NYSE Arca,0.0003,ブラックロック･ファンド・アドバイザーズ,先進国,米国
IWM,iシェアーズ ラッセル 2000 ETF,Russell 2000インデックスは時価総額加重型であり、Russell 3000インデックスの構成銘柄のうち、時価総額が下位の約2,000銘柄で構成され、米国株式市場の小型株を測る指標。,NYSE Arca,0.0019,ブラックロック･ファンド・アドバイザーズ,先進国,米国
JPST,JPモルガン・ウルトラショート・インカムETF,ICE BofA US 3-Month T Bill TR IX,NYSE Arca,0.0018,JPモルガン・アセットマネジメント,先進国,米国
MGC,バンガード 米国メガキャップETF,米国株式市場における投資可能企業、時価総額上位約70%をカバーする、CRSP US メガキャップ・インデックスに連動したパフォーマンスを目指します。,NYSE Arca,0.0007,バンガード グループ,先進国,米国
MGK,バンガード 米国メガキャップ・グロースETF,米国株式市場における投資可能企業、時価総額上位約70%のうち、グロース株をカバーする、CRSP US メガキャップ・グロース・インデックスに連動したパフォーマンスを目指します。,NYSE Arca,0.0007,バンガード グループ,先進国,米国
MGV,バンガード 米国メガキャップ・バリューETF,米国株式市場における投資可能企業、時価総額上位約70%のうち、バリュー株をカバーする、CRSP US メガキャップ・バリュー・インデックスに連動したパフォーマンスを目指します。,NYSE Arca,0.0007,バンガード グループ,先進国,米国
MLPA,Global X MLP ETF ｸﾞﾛｰﾊﾞﾙX MLP ETF,ソラクティブMLPインフラストラクチャー指数に連動する投資成果を目指す。,NYSE Arca,0.0045,グローバルエックス・マネジメント,先進国,米国
NXTG,FT INDXX ネクストジー ETF,Indxx5G & NextG テーマ指数,NASDAQ,0.007,ファーストトラスト,先進国,米国
OEF,iシェアーズ S&P 100 ETF,米国市場に上場する超大型株（メガ･キャップ）の動きをとらえる「S&P100」指数を連動対象とします。,NYSE Arca,0.002,ブラックロック･ファンド・アドバイザーズ,先進国,米国
PFFV,Global X Variable Rate Preferr グローバルＸ 米国変動金利優先証券 ETF,ICE 米国変動金利優先株インデックスに連動する運用実績を目指す。同指数は、米国の国内市場で発行された上場米国ドル建て優先証券および転換社債型優先証券のパフォーマンスに連動。,NYSE Arca,0.0025,グローバルエックス・マネジメント,先進国,米国
QCLN,First Trust NASDAQ® Clean Edge® Green Energy Index Fund ファースト トラスト NASDAQ クリーン エッジ グリーン エナジー インデックス ファンド,ナスダック・クリーン・エッジ・グリーン・エナジー指数,NASDAQ,0.006,ファーストトラスト,先進国,米国
QQQ,インベスコ QQQ トラスト シリーズ1 ETF,米国ナスダック市場の大型株100銘柄から成るナスダック-100指数に連動。,NASDAQ,0.002,インベスコ・パワーシェアーズ・キャピタル・マネジメント LLC,先進国,米国
QRMI,Nasdaq 100 Risk Managed Income ETF グローバルＸ NASDAQ 100・リスク管理・インカム ETF,連動指数はNasdaq-100 マンスリー・ネット・クレジット・カラー・95-100・インデックス。カバード・コール・ファンドのインカム特性を投資家に提供しつつ、プロテクティブ・プットにより市場の大幅な下落リスクを軽減することを目指します。,NASDAQ,0.006,グローバルエックス・マネジメント,先進国,米国
QYLG,Global X Nasdaq 100 Covered Ca グローバルＸ NASDAQ100 カバード コール 50 ETF,CBOE Nasdaq 100 ハーフ・バイライト V2 インデックスに連動する運用実績を目指す。,NASDAQ,0.006,グローバルエックス・マネジメント,先進国,米国
RYLD,グローバルＸ Russell 2000・カバード・コール ETF,カバード・コール戦略で利益を生み出そうとするもので、Russell 2000インデックス構成銘柄へのエクスポージャーを購入し、同指数を対象としたコール・オプションを売却する,NYSE Arca,0.006,グローバルエックス・マネジメント,先進国,米国
SKYY,FT クラウド コンピューティング ETF,ISE CTA クラウドコンピューティング指数,NASDAQ,0.006,ファーストトラスト,先進国,米国
SPLG,SPDR® Portfolio S&P 500® ETF SPDR® ポートフォリオS&P 500® ETF,S&P 500®指数,NYSE Arca,0.0003,SSGA ファンズ・マネジメント・インク,先進国,米国
SPMD,SPDR® Portfolio S&P 400 Mid Cap ETF SPDR® ポートフォリオS&P 400中型株式ETF,S&P中型株400指数,NYSE Arca,0.0005,SSGA ファンズ・マネジメント・インク,先進国,米国
SPSM,SPDR® Portfolio S&P 600 Small Cap ETF SPDR® ポートフォリオS&P 600小型株式ETF,S&P小型株600指数,NYSE Arca,0.0005,SSGA ファンズ・マネジメント・インク,先進国,米国
SPTM,SPDR® Portfolio S&P 1500 Composite Stock Market ETF SPDR® ポートフォリオS&P 1500コンポジット・ストック・マーケットETF,S&Pコンポジット1500指数,NYSE Arca,0.0003,SSGA ファンズ・マネジメント・インク,先進国,米国
SPXL,Direxion デイリーS&P500ブル3倍 ETF,S＆P500インデックスの300%のパフォーマンスに連動した成果を目指す。,NYSE Arca,0.0095,Direxion Investments,先進国,米国
SPXS,Direxion デイリーS&P500ベア3倍 ETF,S＆P500インデックスの値動きの反対方向の300%のパフォーマンスに連動した成果を目指す。,NYSE Arca,0.0095,Direxion Investments,先進国,米国
SPY,SPDR S&P 500 ETF,米国S&P500指数に連動。SPDR（スパイダー）はStandard & Poor's Depositary Receiptsの略号。,NYSE Arca,0.000945,ステート・ストリート・グローバル・アドバイザーズ,先進国,米国
SPYD,SPDRポートフォリオS&P 500高配当株式ETF,S&P 500高配当指数,NYSE Arca,0.0007,SSGA ファンズ・マネジメント・インク,先進国,米国
SPYG,SPDRポートフォリオS&P 500グロース株式ETF,S&P 500グロース指数,NYSE Arca,0.0004,SSGA ファンズ・マネジメント・インク,先進国,米国
SPYV,SPDRポートフォリオS&P 500バリュー株式ETF,S&P 500 バリュー指数,NYSE Arca,0.0004,SSGA ファンズ・マネジメント・インク,先進国,米国
SQQQ,Ultra ST Pro QQQ ETF プロシェア ウルトラプロ ショート QQQ ETF,プロシェアーズ・ウルトラプロ・ショートQQQは、米国籍のETF。ナスダック100指数の日次運用実績の反対の3倍（300％）に連動する投資成果を目指す,NASDAQ,0.0095,プロシェアーズ,先進国,米国
TNA,Direxion デイリー米国小型株ブル3倍 ETF,ラッセル2000インデックスの300%のパフォーマンスに連動した成果を目指す。,NYSE Arca,0.0095,Direxion Investments,先進国,米国
TZA,Direxion デイリー米国小型株ベア3倍 ETF,ラッセル2000インデックスの値動きの反対方向の300%のパフォーマンスに連動した成果を目指す。,NYSE Arca,0.0095,Direxion Investments,先進国,米国
VB,バンガード スモールキャップ ETF,MSCI US Small-Cap 1750インデックスのパフォーマンスに一致する投資成果を目指す,NYSE Arca,0.0005,バンガード グループ,先進国,米国
VBK,バンガード 米国スモールキャップ・グロースETF,米国株式市場の小型グロース株式を網羅する、CRSP USスモールキャップ・グロース・インデックスに連動したパフォーマンスを目指します。,NYSE Arca,0.0007,バンガード グループ,先進国,米国
VBR,バンガード 米国スモールキャップ・バリューETF,米国株式市場の小型バリュー株式を網羅する、CRSP USスモールキャップ・バリュー・インデックスに連動したパフォーマンスを目指します。,NYSE Arca,0.0007,バンガード グループ,先進国,米国
VEA,バンガード・FTSE先進国市場（除く米国）ETF,米国株を除きカナダ株を含む先進国株式市場の大型株・中型株・小型株をカバーする、FTSEディベロップド（除く米国）・インデックスに連動したパフォーマンスを目指します。,NYSE Arca,0.0005,バンガード グループ,先進国,米国
VIOG,バンガード S&Pスモールキャップ600グロースETF,米国株式市場の、多種多様な産業を代表する小型株式600銘柄のうち、グロース株をカバーする、S&Pスモールキャップ600グロース指数に連動したパフォーマンスを目指します。,NYSE Arca,0.0016,バンガード グループ,先進国,米国
VIOO,バンガード S&Pスモールキャップ600 ETF,米国株式市場の、多種多様な産業を代表する小型株式600銘柄で構成される、S&Pスモールキャップ600指数に連動したパフォーマンスを目指します。,NYSE Arca,0.001,バンガード グループ,先進国,米国
VIOV,バンガード S&Pスモールキャップ600バリューETF,米国株式市場の、多種多様な産業を代表する小型株式600銘柄のうち、バリュー株をカバーする、S&Pスモールキャップ600バリュー指数に連動したパフォーマンスを目指します。,NYSE Arca,0.0015,バンガード グループ,先進国,米国
VO,バンガード 米国ミッドキャップETF,米国株式市場の中型株式を網羅する、CRSP USミッドキャップ・インデックスに連動したパフォーマンスを目指します。,NYSE Arca,0.0004,バンガード グループ,先進国,米国
VOE,バンガード 米国ミッドキャップ・バリューETF,米国株式市場の中型バリュー株式を網羅する、CRSP USミッドキャップ・バリュー・インデックスに連動したパフォーマンスを目指します。,NYSE Arca,0.0007,バンガード グループ,先進国,米国
VONE,バンガード ラッセル1000 ETF,米国株式ユニバースの大型株セグメントをカバーする、ラッセル1000インデックスに連動したパフォーマンスを目指します。,NASDAQ,0.0008,バンガード グループ,先進国,米国
VONG,バンガード ラッセル1000グロース株ETF,米国株式ユニバースの大型グロース株セグメントをカバーする、ラッセル1000グロース株インデックスに連動したパフォーマンスを目指します。,NASDAQ,0.0008,バンガード グループ,先進国,米国
VONV,バンガード ラッセル1000バリュー株ETF,米国株式ユニバースの大型バリュー株セグメントをカバーする、ラッセル1000バリュー株インデックスに連動したパフォーマンスを目指します。,NASDAQ,0.0008,バンガード グループ,先進国,米国
VOO,バンガード S&P 500 ETF,S&P 500指数のパフォーマンスに一致する投資成果を目指す。,NYSE Arca,0.0003,バンガード グループ,先進国,米国
VOOG,バンガード S&P500グロースETF,米国の主要業種を代表する大企業500銘柄のうち、グロース株をカバーする、S&P500グロース指数に連動したパフォーマンスを目指します。,NYSE Arca,0.001,バンガード グループ,先進国,米国
VOOV,バンガード S&P500バリューETF,米国の主要業種を代表する大企業500銘柄のうち、バリュー株をカバーする、S&P500バリュー指数に連動したパフォーマンスを目指します。,NYSE Arca,0.001,バンガード グループ,先進国,米国
VOT,バンガード 米国ミッドキャップ・グロースETF,米国株式市場の中型グロース株式を網羅する、CRSP USミッドキャップ・グロース・インデックスに連動したパフォーマンスを目指します。,NYSE Arca,0.0007,バンガード グループ,先進国,米国
VR,グローバルＸ メタバース ETF,Global X Metaverse Indexへの連動を目指します。,NASDAQ,0.005,グローバルエックスマネジメント,先進国,米国
VIG,バンガード 米国増配株式ETF,S&P U.S.ディビデンド・グローワーズ指数のパフォーマンス(手数料および経費控除前)への連動を目指します。,NYSE Arca,0.0006,バンガード グループ,先進国,米国
VTHR,バンガード ラッセル3000 ETF,米国株式市場の投資可能銘柄の約98%をカバーする時価総額上位3000銘柄で構成される、ラッセル3000インデックスに連動したパフォーマンスを目指します。,NASDAQ,0.001,バンガード グループ,先進国,米国
VTI,バンガード トータル ストック マーケット ETF,CRSP USトータルマーケット・インデックスのパフォーマンスに一致する投資成果を目指す。,NYSE Arca,0.0003,バンガード グループ,先進国,米国
VTV,バンガード 米国バリューETF,CRSP USラージキャップ・バリュー・インデックスのパフォーマンスに連動した成果を目指す。,NYSE Arca,0.0004,バンガード グループ,先進国,米国
VTWG,バンガード ラッセル2000グロース株ETF,ラッセル2000インデックス構成銘柄のうち株価純資産倍率が高く、成長率の予想値・実績値がともに高い銘柄をカバーする、ラッセル2000グロース株インデックスに連動したパフォーマンスを目指します。,NASDAQ,0.0015,バンガード グループ,先進国,米国
VTWO,バンガード ラッセル2000 ETF,米国株式ユニバースの小型株セグメントをカバーする、ラッセル2000インデックスに連動したパフォーマンスを目指します。,NASDAQ,0.001,バンガード グループ,先進国,米国
VTWV,バンガード ラッセル2000バリュー株ETF,米国株式ユニバースの小型バリュー株セグメントをカバーする、ラッセル2000バリュー株インデックスに連動したパフォーマンスを目指します。,NASDAQ,0.0015,バンガード グループ,先進国,米国
VV,バンガード 米国ラージキャップETF,米国株式市場の大型株式を網羅する、CRSP USラージキャップ・インデックスに連動したパフォーマンスを目指します。,NYSE Arca,0.0004,バンガード グループ,先進国,米国
VUG,バンガード 米国グロースETF,CRSP USラージキャップ・グロース・インデックスのパフォーマンスに連動した成果を目指す。,NYSE Arca,0.0004,バンガード グループ,先進国,米国
VXF,バンガード 米国エクステンデッド・マーケットETF,米国株式市場の中型株および小型株をカバーする、S&Pコンプリーション指数に連動したパフォーマンスを目指します。,NYSE Arca,0.0006,バンガード グループ,先進国,米国
VYM,バンガード 米国高配当株式ETF,FTSE ハイディビデンド・イールド・インデックスのパフォーマンスへの連動を目指します。,NYSE Arca,0.0006,バンガード グループ,先進国,米国
XRMI,S&P 500 Risk Managed Income ETF グローバルＸ S&P 500・リスク管理・インカム ETF,連動指数はCBOE S&P 500・リスク管理・インカム・インデックス。カバード・コール・ファンドのインカム特性を投資家に提供しつつ、プロテクティブ・プットにより市場の大幅な下落リスクを軽減することを目指します。,NYSE Arca,0.006,グローバルエックス・マネジメント,先進国,米国
XYLD,Global X S&P 500 Covered Call グローバルＸ S&P 500 カバード コール ETF,CBOE S&P 500 バイライト・インデックスに連動する運用実績を目指す。,NYSE Arca,0.006,グローバルエックス・マネジメント,先進国,米国
XYLG,Global X S&P 500 Covered Call グローバルＸ S&P 500 カバード コール 50 ETF,CBOE S&P 500 ハーフ・バイライト・インデックスに連動する運用実績を目指す。,NYSE Arca,0.006,グローバルエックス・マネジメント,先進国,米国
03020,エックス・トラッカーズ－MSCI USAスワップUCITS ETF,MSCI TRN米国指数の運用成績に概ね連動する投資成果を目指す。,メインボード,0.0015,ドイチェ・アセットマネジメント・インベストメント・エス・エイ,先進国,香港
069500,サムスンKODEX200 ETF,韓国株式市場を代表する200銘柄で構成されたKOSPI200のパフォーマンスへの連動を目指す。,KOSPI,0.0016,サムスン資産運用株式会社,先進国,韓国
102780,サムスン KODEX サムスングループ株 ETF,サムスングループの構成企業（時価総額が1兆ウォン超の企業）の利回りと同等水準の投資成果を追求することを目指す。,KOSPI,0.0029,サムスン資産運用株式会社,先進国,韓国
BRF,ヴァンエックベクトル ブラジル小型株ETF,MVIS・ブラジル小型株指数に連動した成果を目指す。,NYSE Arca,0.0059,ヴァン・エック・グローバル,新興国,米国
CHAU,Direxion デイリー CSI 300 中国A株 ブル2倍 ETF,CSI 300 指数の200%のパフォーマンスに連動した成果を目指す。,NYSE Arca,0.0095,Direxion Investments,新興国,米国
CNXT,ヴァンエックベクトル 中国AMC中小企業・創業板ETF,中国中小企業・創業板100指数に連動した成果を目指す,NYSE Arca,0.0065,ヴァン・エック・グローバル,新興国,米国
CWEB,Direxion デイリー CSI中国インターネット指数株 ブル 2倍 ETF Direxion Daily CSI China Internet Index Bull 2x Shares,CSIオーバーシーズ・チャイナ・インターネット指数の日々のパフォーマンス（手数料・費用控除前）の200％の投資成果を目指し運用する。,NYSE Arca,0.0095,Direxion Investments,新興国,米国
CXSE,ウィズダムツリー 中国株ニューエコノミーファンド,ウィズダムツリー・チャイナ・エックスステートオウンド・エンタープライズ・インデックスの価格およびイールドのパフォーマンス（手数料および費用控除前）に連動する投資成果を目指す。,NASDAQ,0.0032,ウィズダムツリー・アセット・マネジメント,新興国,米国
DEM,ウィズダムツリー 新興国株 高配当ファンド,ウィズダムツリー エマージング マーケッツ インデックスに連動した成果を目指す。,NYSE Arca,0.0063,ウィズダムツリー・アセット・マネジメント,新興国,米国
DGRE,WisdomTree Emerging Markets Quality Dividend Growth Fund ウィズダムツリー 新興国株クオリティ配当成長ファンド,新興国市場にて配当支払を行う成長性のある企業の投資成果への連動を目指す。,NASDAQ,0.0032,ウィズダムツリー・アセット・マネジメント,新興国,米国
DGS,WisdomTree Emerging Markets SmallCap Dividend Fund ウィズダムツリー 新興国小型株配当型ファンド,新興国市場にて、配当支払を行う時価総額の小さい企業への投資成果への連動を目指す。,NYSE Arca,0.0063,ウィズダムツリー・アセット・マネジメント,新興国,米国
EEMS,iシェアーズ MSCI エマージング・マーケット小型株 ETF,MSCI エマージング マーケット小型株インデックスの価格および利回り実績と同等水準の投資成果をあげることを目指す。,NYSE Arca,0.0069,ブラックロック･ファンド・アドバイザーズ,新興国,米国
EPI,ウィズダムツリー インド株収益ファンド,ウィズダムツリー インド アーニングス インデックスに連動した成果を目指す。,NYSE Arca,0.0085,ウィズダムツリー・アセット・マネジメント,新興国,米国
EPOL,iシェアーズ MSCI ポーランドETF,MSCI ポーランド IMI 25/50 インデックスに連動した成果を目指す。,NYSE Arca,0.0061,ブラックロック･ファンド・アドバイザーズ,新興国,米国
EWM,iシェアーズ MSCI マレーシア ETF,MSCI マレーシア・インデックスによって測定されるマレーシアの市場で取引される証券の価格および利回り実績と同等水準の投資成果（報酬および経費控除前）に連動する。,NYSE Arca,0.0049,ブラックロック･ファンド・アドバイザーズ,新興国,米国
EWS,iシェアーズ MSCI シンガポール ETF,MSCI シンガポール指数に連動した成果を目指す。,NYSE Arca,0.005,ブラックロック･ファンド・アドバイザーズ,新興国,米国
EWT,iシェアーズ MSCI 台湾ETF,MSCI 台湾・インデックスに連動。主に台湾証券取引所で取引されている株式で構成され、その三大産業は、技術用ハードウェアおよび機器ならびに半導体用機器および素材である。,NYSE Arca,0.0059,ブラックロック･ファンド・アドバイザーズ,新興国,米国
EWW,iシェアーズ MSCI メキシコ ETF,MSCI メキシコ IMI 25/50 インデックスによって測定されるメキシコの市場で取引される証券の価格および利回り実績と同等水準の投資成果（報酬および経費控除前）に連動する。,NYSE Arca,0.0049,ブラックロック･ファンド・アドバイザーズ,新興国,米国
EWY,iシェアーズ MSCI 韓国ETF,MSCI 韓国 25/50 インデックスに連動。主に韓国証券取引所で取引されている株式で構成されており、その三大産業は、半導体および半導体機器、銀行および資本財である。,NYSE Arca,0.0059,ブラックロック･ファンド・アドバイザーズ,新興国,米国
EWZ,iシェアーズ MSCI ブラジル ETF,MSCI ブラジル 25/50 インデックスに連動。主にサンパウロ証券取引所で取引されている株式で構成されている。その三大産業は、エネルギー、素材および銀行である。,NYSE Arca,0.0059,ブラックロック･ファンド・アドバイザーズ,新興国,米国
EZA,iシェアーズ MSCI 南アフリカ ETF,MSCI・南アフリカ・インデックスに連動。主に、ヨハネスブルグ証券取引所で取引されている株式で構成され、その三大産業は、素材、エネルギーおよび通信である。,NYSE Arca,0.0059,ブラックロック･ファンド・アドバイザーズ,新興国,米国
EIDO,iシェアーズ MSCI インドネシア ETF,MSCI インドネシア IMI 25/50 インデックスに連動した成果を目指す。,NYSE Arca,0.0059,ブラックロック･ファンド・アドバイザーズ,新興国,米国
EPHE,iシェアーズ MSCI フィリピン ETF,MSCI フィリピン IMI 25/50 インデックスに連動した成果を目指す。,NYSE Arca,0.0059,ブラックロック･ファンド・アドバイザーズ,新興国,米国
FM,iシェアーズ MSCIフロンティア セレクトETF,MSCI フロンティア マーケット 100 インデックスの価格および利回り実績と同等水準の投資成果あげることを目指す。,NYSE Arca,0.0079,ブラックロック･ファンド・アドバイザーズ,新興国,米国
FXI,iシェアーズ 中国大型株 ETF,FTSEチャイナ50インデックスに連動。香港市場の時価総額と流動性の面で上位50の中国企業から成る。,NYSE Arca,0.0074,ブラックロック･ファンド・アドバイザーズ,新興国,米国
GLCN,VanEck Vectors China Growth Leaders ETF ヴァンエック・ベクトル・中国成長リーダーETF,マーケットグレーダー中国オール・キャップ・グロース・リーダーズ・インデックスの価格と利回り（手数料と経費控除前）に連動するパフォーマンスを目指します。,NYSE Arca,0.006,ヴァン・エック・グローバル,新興国,米国
GLIN,VanEck Vectors India Growth Leaders ETF ヴァンエック・ベクトル・インド成長リーダーETF,マーケットグレーダー・インド・オール・キャップ・グロース・リーダーズ・インデックスの価格と利回り（手数料や経費控除前）に連動するパフォーマンスを目指します。,NYSE Arca,0.008,ヴァン・エック・グローバル,新興国,米国
GMF,SPDR S&P アジア パシフィック新興国株式ETF,S&P アジア・パシフィック・エマージング BMI 指数に連動した成果を目指す。,NYSE Arca,0.0049,SSGA ファンズ・マネジメント・インク,新興国,米国
INDL,Direxion デイリー MSCI インド株 ブル2倍 ETF,MSCI インディア指数の200%のパフォーマンスに連動した成果を目指す。,NYSE Arca,0.0095,Direxion Investments,新興国,米国
SPEM,SPDRポートフォリオ 新興国株式 ETF,S&P エマージング BMI 指数に連動した成果を目指す。,NYSE Arca,0.0011,SSGA ファンズ・マネジメント・インク,新興国,米国
THD,iシェアーズ MSCI タイETF,MSCI タイ IMI 25/50 インデックスに連動した成果を目指す。,NYSE Arca,0.0059,ブラックロック･ファンド・アドバイザーズ,新興国,米国
TUR,iシェアーズ MSCI トルコ ETF,MSCI トルコ IMI 25/50 インデックスに連動した成果を目指す。,NASDAQ,0.0059,ブラックロック･ファンド・アドバイザーズ,新興国,米国
XSOE,ウィズダムツリー 新興国株ニューエコノミーファンド,ウィズダムツリー・エマージングマーケット・エックスステートオウンド・エンタープライズ・インデックスの価格およびイールドのパフォーマンス（手数料および費用控除前）に連動する投資成果を目指す。,NYSE Arca,0.0032,ウィズダムツリー・アセット・マネジメント,新興国,米国
YANG,Direxion Daily FTSE China Bear 3X Shares Direxion デイリー FTSE中国株 ベア 3倍 ETF,FTSEChina50Indexの運用実績（手数料・費用控除前）の逆数の3倍（300％）に連動する日次投資成果を目指し運用する。,NYSE Arca,0.0095,Direxion Investments,新興国,米国
YINN,Direxion Daily FTSE China Bull 3X Shares Direxion デイリー FTSE中国株 ブル 3倍 ETF,FTSE中国50インデックスの運用実績（手数料・費用控除前）の3倍（300％）の日次投資成果を目指し運用する。,NYSE Arca,0.0095,Direxion Investments,新興国,米国
02800,トラッカー ファンド オブ ホンコン,香港ハンセン指数に連動。ハンセン指数は香港市場を代表する40銘柄で構成され、その時価総額の合計は香港取引所全体の6割強を占める。,メインボード,年率0.10%以内（原則として）,ステート・ストリート・グローバル・アドバイザーズ,新興国,香港
02801,iShares Core MSCI China Index ETF iシェアーズ・コア MSCI チャイナETF,H株指数採用銘柄やハンセン指数採用銘柄を含んだMSCIチャイナ・インデックスへの連動。,メインボード,0.002,ブラックロック・アセット・マネジメント・ノース・アジア・リミテッド,新興国,香港
02823,iShares FTSE A50 China Index ETF iシェアーズ FTSE 中国A50 ETF,FTSE 中国 A50 インデックスに連動。A株にリンクしたワラントや債券参加証書等の証券で運用。,メインボード,0.0099,ブラックロック・アセット・マネジメント・ノース・アジア・リミテッド,新興国,香港
02827,W.I.S.E.-CSI300 チャイナ トラッカー,CSI 300 INDEXインデックスの運用成績に連動する。同インデックスは上海、シンセンに上場するA株、300銘柄で構成される。,メインボード,0.0104,BOCI-プルデンシャル・アセット・マネジメント,新興国,香港
02828,ハンセンH株指数ETF,ハンセンH株指数（※）を構成する全銘柄に投資し、同指数に連動する。（※H株とは、香港市場に上場する中国本土で登記された中国企業の株式の総称。）,メインボード,0.65％（最大1.15％が上限）,ハンセン・インベストメント・マネジメント・リミテッド,新興国,香港
02833,ハンセン指数ETF,ハンセン指数を構成する全銘柄に投資し、同指数に連動する。,メインボード,0.001,ハンセン・インベストメント・マネジメント・リミテッド,新興国,香港
02836,iShares Core S&P BSE SENSEX India Index ETF iシェアーズ・コア S&P BSE SENSEX インディアETF,インド、ムンバイ証券取引所に上場されている30種から成るS&P BSE SENSEX インデックスに連動。,メインボード,0.0064,ブラックロック・アセット・マネジメント・ノース・アジア・リミテッド,新興国,香港
02838,ハンセン FTSEチャイナ50 ETF,FTSEチャイナ50指数を構成する全銘柄に投資し、同指数に連動する。,メインボード,0.0091,ハンセン・インベストメント・マネジメント・リミテッド,新興国,香港
02846,iShares Core CSI 300 Index ETF iシェアーズ・コア CSI 300 ETF,CSI300指数の実績に概ね連動する投資成果を目指す。,メインボード,0.0038,ブラックロック・アセット・マネジメント・ノース・アジア・リミテッド,新興国,香港
02848,エックス・トラッカーズ－MSCI韓国UCITS ETF,MSCI TRN韓国指数の運用成績に概ね連動する投資成果を目指す。,メインボード,0.0065,ドイチェ・アセットマネジメント・インベストメント・エス・エイ,新興国,香港
03007,エックス・トラッカーズ－FTSEチャイナ50 UCITS ETFクラス1C投資証券,FTSE中国50の運用成績に概ね連動する投資成果を目指す。,メインボード,0.006,ドイチェ・アセットマネジメント・インベストメント・エス・エイ,新興国,香港
03015,エックス・トラッカーズ－ニフティ50スワップUCITS ETFクラス1C投資証券,CNX ニフティ指数の運用成績に概ね連動する投資成果を目指す。,メインボード,0.0085,ドイチェ・アセットマネジメント・インベストメント・エス・エイ,新興国,香港
03040,Global X MSCI China ETF グローバルX MSCI 中国ETF,MSCI中国インデックスの運用成績に概ね連動する投資成果を目指す。,メインボード,0.0031,ミレーアセットグローバルインベストメント,新興国,香港
03036,エックス・トラッカーズ－MSCI台湾UCITS ETF,MSCI TRN台湾指数の運用成績に概ね連動する投資成果を目指す。,メインボード,0.0065,ドイチェ・アセットマネジメント・インベストメント・エス・エイ,新興国,香港
03087,エックス・トラッカーズ－FTSEベトナム・スワップUCITS ETF,FTSEベトナム指数の運用成績に概ね連動する投資成果を目指す。,メインボード,0.0085,ドイチェ・アセットマネジメント・インベストメント・エス・エイ,新興国,香港
03110,Global X Hang Seng High Dividend Yield ETF グローバルX ハンセン高配当利回りETF,ハンセン高配当利回りインデックスの運用成績に概ね連動する投資成果を目指す。,メインボード,0.0041,ミレーアセットグローバルインベストメント,新興国,香港
03127,Global X Hang Seng High Dividend Yield ETF グローバルX ハンセン高配当利回りETF,CSI300インデックスの運用成績に概ね連動する投資成果を目指す。,メインボード,0.007,ミレーアセットグローバルインベストメント,新興国,香港
CSOP,CSOP iEdge SREIT Leaders Index ETF CSOP iEdge S-REITリーダーズインデックスETF,シンガポール取引所が提供しているiEdge S-REITリーダーズインデックスに連動する投資成果を目指す。26の厳選されたS-REITにアクセスする事が可能であり、リート投資対象地域もシンガポール以外には、米国、オーストラリア、東南アジア等バランスよく含まれる。,メインボード,0.006,CSOPアセットマネジメント,新興国,シンガポール
ABFB,ABF Singapore Bond Index Fund ABFシンガポール債券インデックス・ファンド,ターゲット・トラッキングエラー年率40ベーシスポイントで、iBoxx ABFシンガポール債券インデックスの運用実績（経費控除前）に連動するリタ ーンを目指す。,メインボード,0.0025,日興アセットマネジメント,新興国,シンガポール
ICGB,ICBC CSOP FTSE Chinese Govern Bond ETF ICBC CSOP FTSE中国国債インデックスETF,CSOPがマネージャーを務め、中国4大銀行の中国工商銀行（ICBC）と協業して提供している中国国債のみに投資。世界的にみても安全性格付けの割にイールドが高めの国債である中国国債を投資対象に、FTSE中国国債インデックスという世界で代表的な中国国債インデックスを複製して運用を行う。,メインボード,0.0025,CSOPアセットマネジメント,新興国,シンガポール
DCSX,エックス・トラッカーズⅡ－シンガポール国債UCITS ETF,iBoxx ABF シンガポール国債 トータルリターン・インデックスの運用成績に概ね連動する投資成果を目指す。,メインボード,0.002,ドイチェ・アセットマネジメント・インベストメント・エス・エイ,新興国,シンガポール
INDI-D,iシェアーズ MSCI インディア インデックスETF,MSCI インディア・インデックスの運用成績に概ね連動する投資成果を目指す。,メインボード,0.0103,ブラックロック(シンガポール)リミテッド,新興国,シンガポール
LIOP,Lion Phillip S-REIT ETF ライオンフィリップS-REIT ETF,モーニングスター・シンガポールのREIT利回りインデックスの運用成績に概ね連動する投資成果を目指す。,メインボード,0.006,ライオングローバルインべスターズリミテッド（フィリップキャピタルマネジメントリミテッド）,新興国,シンガポール
NIKA,Nikkoam-Straitstrading MSCI China Electric Vehicles and Future Mobility ETF 日興AMストレイツトレーディング MSCI 中国電気自動車 フューチャーモビリティETF,MSCI中国全株指数IMIフューチャーモビリティ上位50指数への連動を目指す。,メインボード,0.005,日興アセットマネジメント,新興国,シンガポール
NIKO,Nikko AM SGD Investment Grade Corporate Bond ETF 日興AM シンガポール・ドル建て投資適格社債ETF,主としてiBoxx シンガポール・ドル建て非ソブリン・ラージキャップ投資適格指数に連動することを目指すETF。,メインボード,0.003,日興アセットマネジメント,新興国,シンガポール
NISE,Nikko AM Singapore STI ETF 日興アセット・マネジメント・シンガポールSTI ETF,FTSEストレーツタイムズ指数にほぼ連動する投資成果（経費控除前）を目指す。,メインボード,0.003,日興アセットマネジメント,新興国,シンガポール
UOBA,UOB APAC Green REIT ETF UOB APAC グリーン REIT ETF,シンガポール証券取引所（SGX）とUOBアセットマネジメントが共同開発した「iEdge-UOB APAC Yield Focus Green REIT Index」に連動する投資成果を目指します。アジア・太平洋地域のグリーン･リートに特化した世界初のETF。PROFIT(利益) とPURPOSE（目的：APACの不動産セクターの「グリーン化」を推進）。ふたつのPを同時に追求する、ユニークなETFです。,メインボード,0.0045,UOBアセットマネジメント,新興国,シンガポール
BBH,ヴァンエックベクトル バイオテクETF,MVIS米国上場バイオテク25指数にできるだけ連動する運用実績を目指す。,NASDAQ,0.0035,ヴァン・エック・グローバル,セクター,米国
BOTZ,Global X Robotics & Artificial Intelligence ETF グローバルX ロボット＆AI・ETF,「Indxx・グローバル・ロボティックス＆アーティフィシャル・インテリジェンス・セマティック・インデックス」の価格およびイールドのパフォーマンス(手数料および費用控除前)に連動する投資成果を提供することを目指す。,NASDAQ,0.0068,グローバルエックス・マネジメント,セクター,米国
BKCH,Global X Blockchain ETF グローバルＸ ブロックチェーン ETF,ソラクティブ・ブロックチェーン・インデックスに連動する運用実績を目指す。同指数は、ブロックチェーン技術のさらなる進歩から利益を得ることができる企業で構成される。,NASDAQ,0.005,グローバルエックス・マネジメント,セクター,米国
CLOU,Global X Cloud Computing ETF グローバルX クラウド・コンピューティング ETF,「Indxx・グローバル・クラウド・コンピューティング・インデックス」の価格およびイールドのパフォーマンス(手数料および費用控除前)に連動する投資成果を提供することを目指す。,NASDAQ,0.0068,グローバルエックス・マネジメント,セクター,米国
CTEC,グローバルX クリーンテック ETF,Indxx グローバル・クリーンテック・インデックスのパフォーマンスに連動した成果を目指す。,NASDAQ,0.005,グローバルエックス・マネジメント,セクター,米国
CURE,Direxion デイリー ヘルスケア株 ブル3倍 ETF,The S&P®ヘルスケア セレクト セクター インデックスの300%のパフォーマンスに連動した成果を目指す。,NYSE Arca,0.0095,Direxion Investments,セクター,米国
DVY,iシェアーズ 好配当株式 ETF,ダウ ジョーンズU.S.セレクト ディビデント インデックスに連動。金融、公益事業、一般消費材関連銘柄が上位に組入れられている。,NASDAQ,0.0039,ブラックロック･ファンド・アドバイザーズ,セクター,米国
EDOC,Global X Telemedicine & Digital Health Global X  eドック（遠隔医療＆デジタルヘルス） ETF,ソラクティブ・テレメディシン＆デジタルヘルス・インデックス,NASDAQ,0.0068,ファーストトラスト,セクター,米国
ERX,Direxion Daily Energy Bull 2X Shares Direxion デイリー エネルギー株 ブル 2倍 ETF,エネルギー・セレクト・セクター指数の運用実績（手数料・費用控除前）の200％の日次投資成果を目指し運用する。,NYSE Arca,0.0095,Direxion Investments,セクター,米国
ERY,Direxion Daily Energy Bear 2X Shares Direxion デイリー エネルギー株 ベア 2倍 ETF,エネルギー・セレクト・セクター指数の運用実績（手数料・費用控除前）の反対の2倍（200％）に連動する日次の投資成果を目指し運用する。,NYSE Arca,0.0095,Direxion Investments,セクター,米国
ESGD,iShares Trust iShares ESG Awar iシェアーズ ESG アウェア MSCI EAFE ETF,MSCI EAFE エクステンデッド ESG フォーカス・インデックスに連動する投資成果を目指す。当指数は環境、社会、企業統治に関する特性を有する米国およびカナダを除く先進国の大型および中型株式で構成される。,NASDAQ,0.002,ブラックロック･ファンド・アドバイザーズ,セクター,米国
ESGE,iShares Inc iShares ESG Aware iシェアーズ ESG アウェア MSCI エマージング マーケット ETF,MSCI エマージング・マーケット エクステンデッド ESG フォーカス・インデックスに連動する投資成果を目指す。当指数は環境、社会、企業統治に関する特性を有する新興国の大型および中型株式で構成される。,NASDAQ,0.0025,ブラックロック･ファンド・アドバイザーズ,セクター,米国
ESGU,iShares ESG Aware MSCI USA ETF iシェアーズ ESG アウェア MSCI 米国 ETF,MSCI USA エクステンデッド ESG フォーカス・インデックスに連動する投資成果を目指す。当指数は環境、社会、企業統治に関する特性を有する米国企業の株式で構成される。,NASDAQ,0.0015,ブラックロック･ファンド・アドバイザーズ,セクター,米国
EXI,iシェアーズ グローバル資本財 ETF,S&Pが資本財セクターにおいて重要なポジションにあると判断し、S&P グローバル資本財セクター・インデックスによって代表される諸企業の株価、および利回り実績と同等水準の投資成果（報酬および経費控除前）に連動する。,NYSE Arca,0.004,ブラックロック･ファンド・アドバイザーズ,セクター,米国
FAS,Direxion デイリー米国金融株ブル3倍 ETF,ラッセル1000金融株指数の300%のパフォーマンスに連動した成果を目指す。,NYSE Arca,0.0095,Direxion Investments,セクター,米国
FAZ,Direxion デイリー米国金融株ベア3倍 ETF,ラッセル1000金融株指数の値動きの反対方向の300%のパフォーマンスに連動した成果を目指す。,NYSE Arca,0.0095,Direxion Investments,セクター,米国
FDN,First Trust Dow Jones Internet Index Fund ファースト トラスト ダウ ジョーンズ インターネット インデックス ファンド,ダウ・ジョーンズ・インターネット・コンポジット指数,NYSE Arca,0.0054,ファーストトラスト,セクター,米国
FINX,Global X FinTech ETF グローバルX フィンテック ETF,「Indxx・グローバル・フィンテック・セマティック・インデックス」の価格およびイールドのパフォーマンス(手数料および費用控除前)に連動する投資成果を提供することを目指す。,NASDAQ,0.0068,グローバルエックス・マネジメント,セクター,米国
HYDR,Global X Hydrogen ETF グローバルＸ 水素テック ETF,ソラクティブ・グローバル・ハイドロゲン・インデックスに連動する運用実績を目指す。同指数は、水素技術のさらなる進歩から利益を得ることができる企業で構成される。,NASDAQ,0.005,グローバルエックス・マネジメント,セクター,米国
IBB,iシェアーズ NASDAQ バイオテクノロジー ETF,米国NASDAQバイオテクノロジーインデックスに連動。バイオまたは医薬の業種に分類されるNASDAQ上場銘柄で構成される。,NASDAQ,0.0044,ブラックロック･ファンド・アドバイザーズ,セクター,米国
ICLN,iシェアーズ グローバル・クリーンエネルギー ETF,S&P グローバル・クリーンエネルギー指数に連動。当インデックスには、クリーンエネルギーの発電企業、クリーンエネルギー機器・関連技術に関わる企業が含まれる。,NASDAQ,0.0046,ブラックロック･ファンド・アドバイザーズ,セクター,米国
IGF,iシェアーズ グローバル・インフラ ETF,S&P グローバル・インフラストラクチャー指数に連動。当インデックスには、石油・ガスの貯蔵および輸送、空港サービス、高速道路・鉄道、港湾サービス、電気・ガス・水道事業の管理と所有に関わる公益事業、エネルギー・輸送インフラ関連企業が含まれる。,NASDAQ,0.004,ブラックロック･ファンド・アドバイザーズ,セクター,米国
IXC,iシェアーズ グローバル・エネルギー ETF,S&Pグローバル エネルギー セクター株価指数は石油探査、生産、精製、石油設備／サービス企業の株式で構成される。,NYSE Arca,0.004,ブラックロック･ファンド・アドバイザーズ,セクター,米国
IXG,iシェアーズ グローバル金融 ETF,S&Pが金融セクターにおいて重要なポジションにあると判断し、S&Pグローバル金融セクター・インデックスによって代表される諸企業の株価、および利回り実績と同等水準の投資成果（報酬および経費控除前）に連動する。,NYSE Arca,0.004,ブラックロック･ファンド・アドバイザーズ,セクター,米国
IXJ,iシェアーズ グローバル・ヘルスケア ETF,S&Pがヘルスケア・セクターにおいて重要なポジションにあると判断し、S&P グローバル・ヘルスケア・セクター・インデックスによって代表される諸企業の株価、および利回り実績と同等水準の投資成果（報酬および経費控除前）に連動する。,NYSE Arca,0.004,ブラックロック･ファンド・アドバイザーズ,セクター,米国
IXN,iシェアーズ グローバル・テクノロジー ETF,S&Pが情報技術セクターにおいて重要なポジションにあると判断し、S&Pグローバル・インフォメーション・テクノロジー・セクター・インデックスによって代表される諸企業の株価、および利回り実績と同等水準の投資成果（報酬および経費控除前）に連動する。,NYSE Arca,0.004,ブラックロック･ファンド・アドバイザーズ,セクター,米国
IXP,iシェアーズ グローバル コミュニケーションサービス ETF,S&Pが電気通信セクターにおいて重要なポジションにあると判断し、S&P グローバル1200コミュニケーションサービス キャップド指数によって代表される諸企業の株価、および利回り実績と同等水準の投資成果（報酬および経費控除前）に連動する。,NYSE Arca,0.004,ブラックロック･ファンド・アドバイザーズ,セクター,米国
JXI,iシェアーズ グローバル公益事業 ETF,S&Pグローバル1200公益事業セクターキャップド指数に連動。当インデックスには、電力会社やガス会社、水道事業会社、独立系の発電会社、送電会社が含まれる。,NYSE Arca,0.004,ブラックロック･ファンド・アドバイザーズ,セクター,米国
KROP,Global X AgTech & Food Innovat グローバルＸ 農業テック＆フード ETF,ソラクティブ・農業テック＆フード・インデックスに連動する運用実績を目指す。同指数は、農業・食品の分野でのさらなる進歩から利益を得ることができる企業で構成される。,NASDAQ,0.005,グローバルエックス・マネジメント,セクター,米国
KXI,iシェアーズ グローバル生活必需品 ETF,S&Pグローバル1200生活必需品セクター キャップド指数に連動。当インデックスには、食品の製造業者および販売業者、非耐久家庭用品の生産業者、食品／医薬品小売業者が含まれる。,NYSE Arca,0.004,ブラックロック･ファンド・アドバイザーズ,セクター,米国
MOO,ヴァンエックベクトル アグリビジネスETF,DAXグローバル・ アグリビジネス指数に連動した成果を目指す。,NYSE Arca,0.0056,ヴァン・エック・グローバル,セクター,米国
LABD,Direxion デイリー S&P バイオテック株 ベア3倍 ETF,The S&P® バイオテクノロジー セレクト インダストリー インデックスの反対方向の300%のパフォーマンスに連動した成果を目指す。,NYSE Arca,0.0095,Direxion Investments,セクター,米国
LABU,Direxion デイリー S&P バイオテック株 ブル3倍 ETF,The S&P® バイオテクノロジー セレクト インダストリー インデックスの300%のパフォーマンスに連動した成果を目指す。,NYSE Arca,0.0095,Direxion Investments,セクター,米国
LIT,グローバルX リチウム&バッテリーテクノロジーETF,ソラクティブ・グローバル・ リチウム・インデックスのパフォーマンスに連動した成果を目指す。,NYSE Arca,0.0075,グローバルエックス・マネジメント,セクター,米国
MXI,iシェアーズ グローバル素材 ETF,S&Pが素材セクターにおいて重要なポジションにあると判断し、S&P グローバル素材セクター・インデックスによって代表される諸企業の株価、および利回り実績と同等水準の投資成果（報酬および経費控除前）に連動する。,NYSE Arca,0.004,ブラックロック･ファンド・アドバイザーズ,セクター,米国
NLR,ヴァンエックベクトル ウラニウム＋原子力エネルギーETF,DAXグローバル原子力エネルギー指数にできるだけ連動する運用実績を目指す。,NYSE Arca,0.0061,ヴァン・エック・グローバル,セクター,米国
OIH,ヴァンエックベクトル石油サービスETF,MVIS米国上場石油サービス25指数にできるだけ連動する運用実績を目指す。,NYSE Arca,0.0035,ヴァン・エック・グローバル,セクター,米国
PBD,インベスコ グローバルクリーンエネルギー ETF,WilderHill New Energy Fainance社の新エネルギー・グローバル・イノベーション・インデックスの株価・配当利回りに連動する。,NYSE Arca,0.0075,インベスコ・パワーシェアーズ・キャピタル・マネジメント LLC,セクター,米国
PIO,インベスコ グローバル ウォーター ETF,ナスダックOMXグローバル・ウォーター・インデックスの株価・配当利回りに連動する。,NASDAQ,0.0075,インベスコ・パワーシェアーズ・キャピタル・マネジメント LLC,セクター,米国
PPH,ヴァンエックベクトル医薬品ETF,MVIS米国上場医薬品25指数にできるだけ連動する運用実績を目指す。,NASDAQ,0.0035,ヴァン・エック・グローバル,セクター,米国
ROBO,Robo Global Robotics & Automation Index ETF ロボ・グローバル・ロボティクス＆オートメーション・インデックスETF,ストックス・グ ローバル・ロボティクス＆オートメーション・インデックスに連動する投資成果を目指す。米国に本拠を置くIT・製造企業株を主に保有し、ロボットやオートメーション関連業界における企業のパフォーマンスに連動しているETF。,NYSE Arca,0.0095,ロボ・グローバル,セクター,米国
RTH,ヴァンエックベクトル小売ETF,MVIS米国上場小売25指数にできるだけ連動する運用実績を目指す。,NASDAQ,0.0035,ヴァン・エック・グローバル,セクター,米国
RWR,SPDR ダウ ジョーンズREIT ETF,ダウ・ジョーンズ U.S.セレクト REIT 指数に連動した成果を目指す。,NYSE Arca,0.0025,SSGA ファンズ・マネジメント・インク,セクター,米国
RXI,iシェアーズ グローバル一般消費財 ETF,S&Pが一般消費財セクターにおいて重要なポジションにあると判断し、S&P グローバル1200一般消費財セクター キャップド指数によって代表される諸企業の株価、および利回り実績と同等水準の投資成果（報酬および経費控除前）に連動する。,NYSE Arca,0.004,ブラックロック･ファンド・アドバイザーズ,セクター,米国
SDY,SPDR S&P 米国高配当株式ETF,S&Pハイ・イールド・ディビデンド・アリストクラッツ指数に連動した成果を目指す。,NYSE Arca,0.0035,SSGA ファンズ・マネジメント・インク,セクター,米国
SHE,SPDR SSGA ジェンダー ダイバーシティ インデックス ETF,SSGA ジェンダー・ダイバーシティ指数の経費控除前のトータルリターンに概ね連動する投資成果を上げることを目標としているETF。,NYSE Arca,0.002,SSGA ファンズ・マネジメント・インク,セクター,米国
SLX,ヴァンエックベクトル鉄鋼ETF,ニューヨーク証券取引所アーカ鉄鋼指数にできるだけ連動する運用実績を目指す。,NYSE Arca,0.0056,ヴァン・エック・グローバル,セクター,米国
SMH,ヴァンエックベクトル半導体ETF,MVIS米国上場半導体25指数にできるだけ連動する運用実績を目指す。,NASDAQ,0.0035,ヴァン・エック・グローバル,セクター,米国
SOXL,Direxion Daily Semiconductors Bull 3x Shares Direxion デイリー 半導体株 ブル 3倍 ETF,ICE セミコンダクター・インデックス,NYSE Arca,0.0095,Direxion Investments,セクター,米国
SOXS,Direxion Daily Semiconductors Bear 3x Shares Direxion デイリー 半導体株 ベア 3倍 ETF,ICE セミコンダクター・インデックス,NYSE Arca,0.0095,Direxion Investments,セクター,米国
SUSA,iシェアーズ MSCI 米国 ESG セレクト ETF,MSCI USA ESG セレクト ソーシャル インデックスの価格および利回り実績と同等水準の投資成果（報酬および経費控除前）に連動する。当インデックスは、様々な業界にわたり、各業界で最も環境・社会・ガバナンス面での貢献度の点数が高い約250社を選んで構成されている。,NYSE Arca,0.0025,ブラックロック･ファンド・アドバイザーズ,セクター,米国
TECL,Direxion Daily Technology Bull 3X Shares Direxion デイリー テクノロジー株 ブル 3倍 ETF,テクノロジー・セレクト・セクター指数の運用実績の3倍（300％）の投資成果を目指し運用する。,NYSE Arca,0.0095,Direxion Investments,セクター,米国
TECS,Direxion Daily Technology Bear 3X Shares Direxion デイリー テクノロジー株 ベア 3倍 ETF,テクノロジー・セレクト・セクター指数の日次運用実績の逆数の300%に連動する投資成果を目指し運用する。,NYSE Arca,0.0095,Direxion Investments,セクター,米国
UBOT,Direxion Daily Robotics Artificial Intelligence & Automation Index Bull 2X Share Direxion デイリー ロボティックス アーティフィシャル インテリジェンス アンド オートメーション指数株 ブル 2倍 ETF,Indxxグローバル・ロボティックス・アンド・アーティフィシャル・インテリジェンス・セマティック指数（手数料・費用控除前）の200％の投資成果を目指し運用する。,NYSE Arca,0.0095,Direxion Investments,セクター,米国
URA,Global X Uranium ETF ｸﾞﾛｰﾊﾞﾙXｳﾗﾆｳﾑETF,Solactive Uranium & Nuclear Components Indexの運用実績に連動する投資成果を目指す。ウランの採鉱および原子力関連の事業に従事する企業へのエクスポージャーを提供する。,NYSE Arca,0.0069,グローバルエックス・マネジメント,セクター,米国
VAW,バンガード 米国素材セクターETF,米国の素材セクターの大型株、中型株、小型株を網羅する、MSCI USインベスタブル・マーケット・素材25/50インデックスに連動したパフォーマンスを目指します。,NYSE Arca,0.001,バンガード グループ,セクター,米国
VCR,バンガード 米国一般消費財・サービス・セクターETF,米国の一般消費財・サービス・セクターの大型株、中型株、小型株を網羅する、MSCI USインベスタブル・マーケット・一般消費財・サービス25/50インデックスに連動したパフォーマンスを目指します。,NYSE Arca,0.001,バンガード グループ,セクター,米国
VDC,バンガード 米国生活必需品セクターETF,米国の生活必需品セクターの大型株、中型株、小型株を網羅する、MSCI USインベスタブル・マーケット・生活必需品25/50インデックスに連動したパフォーマンスを目指します。,NYSE Arca,0.001,バンガード グループ,セクター,米国
VDE,バンガード 米国エネルギー・セクターETF,米国のエネルギー・セクターの大型株、中型株、小型株を網羅する、MSCI USインベスタブル・マーケット・エネルギー25/50インデックスに連動したパフォーマンスを目指します。,NYSE Arca,0.001,バンガード グループ,セクター,米国
VFH,バンガード 米国金融セクターETF,米国の金融セクターの大型株、中型株、小型株を網羅する、MSCI USインベスタブル・マーケット・金融25/50インデックスに連動したパフォーマンスを目指します。,NYSE Arca,0.001,バンガード グループ,セクター,米国
VGT,バンガード 米国情報技術セクターETF,米国の情報技術セクターの大型株、中型株、小型株を網羅する、MSCI USインベスタブル・マーケット・情報技術25/50インデックスに連動したパフォーマンスを目指します。,NYSE Arca,0.001,バンガード グループ,セクター,米国
VHT,バンガード 米国ヘルスケア・セクターETF,米国のヘルスケア・セクターの大型株、中型株、小型株を網羅する、MSCI USインベスタブル・マーケット・ヘルスケア25/50インデックスに連動したパフォーマンスを目指します。,NYSE Arca,0.001,バンガード グループ,セクター,米国
VIS,バンガード 米国資本財・サービス・セクターETF,米国の資本財・サービス・セクターの大型株、中型株、小型株を網羅する、MSCI USインベスタブル・マーケット・資本財・サービス25/50インデックスに連動したパフォーマンスを目指します。,NYSE Arca,0.001,バンガード グループ,セクター,米国
VOX,バンガード 米国通信サービス・セクターETF,米国の通信サービス・セクターの大型株、中型株、小型株を網羅する、MSCI USインベスタブル・マーケット・通信サービス25/50インデックスに連動したパフォーマンスを目指します。,NYSE Arca,0.001,バンガード グループ,セクター,米国
VPU,バンガード 米国公益事業セクターETF,米国の公益事業セクターの大型株、中型株、小型株を網羅する、MSCI USインベスタブル・マーケット・公益事業25/50インデックスに連動したパフォーマンスを目指します。,NYSE Arca,0.001,バンガード グループ,セクター,米国
WEBL,Direxion デイリー ダウ・ジョーンズ・インターネット ブル3倍 ETF,ダウ・ジョーンズ・インター ネット・コンポジット指数の3倍（300％）の投資成果を目指し運用する。,NYSE Arca,0.0095,Direxion Investments,セクター,米国
WEBS,Direxion デイリー ダウ・ジョーンズ・インターネット ベア3倍 ETF,ダウ・ジョーンズ・インター ネット・コンポジット指数の逆数（反対）の3倍（300％）の投資成果を目指し運用する。,NYSE Arca,0.0095,Direxion Investments,セクター,米国
WFH,Direxion ワーク・フロム・ホーム ETF,Solactive リモート・ワーク指数に連動した投資成果を目指し運用する。,NYSE Arca,0.0045,Direxion Investments,セクター,米国
XLB,素材セレクト セクター SPDR ファンド,S&P素材セレクト セクター指数の値動きと利回りに、経費控除前で概ね連動する投資成果を上げることを目標とする。,NYSE Arca,0.001,SSGA ファンズ・マネジメント・インク,セクター,米国
XLC,コミュニケーション サービス セレクト セクターSPDRファンド,コミュニケーションサービスセレクトセクター指数の上場株式保有証券の価格および利回りパフォーマンスに対応することを目指す。,NYSE Arca,0.001,SSGA ファンズ・マネジメント・インク,セクター,米国
XLE,エネルギー セレクト セクター SPDR ファンド,S&Pエネルギー セレクト セクター指数の値動きと利回りに、経費控除前で概ね連動する投資成果を上げることを目標とする。,NYSE Arca,0.001,SSGA ファンズ・マネジメント・インク,セクター,米国
XLF,金融セレクト セクター SPDR ファンド,S&P金融セレクト セクター指数の値動きと利回りに、経費控除前で概ね連動する投資成果を上げることを目標とする。,NYSE Arca,0.001,SSGA ファンズ・マネジメント・インク,セクター,米国
XLI,資本財セレクト セクター SPDR ファンド,S&P資本財セレクト セクター指数の値動きと利回りに、経費控除前で概ね連動する投資成果を上げることを目標とする。,NYSE Arca,0.001,SSGA ファンズ・マネジメント・インク,セクター,米国
XLK,テクノロジー セレクト セクター SPDR ファンド,S&Pテクノロジー セレクト セクター指数の値動きと利回りに、経費控除前で概ね連動する投資成果を上げることを目標とする。,NYSE Arca,0.001,SSGA ファンズ・マネジメント・インク,セクター,米国
XLP,生活必需品セレクト セクター SPDR ファンド,S&P生活必需品セレクト セクター指数の値動きと利回りに、経費控除前で概ね連動する投資成果を上げることを目標とする。,NYSE Arca,0.001,SSGA ファンズ・マネジメント・インク,セクター,米国
XLRE,Real Estate Select Sector SPDR Fund 不動産セレクト・セクターSPDRファンド,S&P不動産セレクト・セクター指数の値動きと利回り(手数料および経費控除前)に概ね連動する投資成果を上げることを目指す。,NYSE Arca,0.001,ステートストリート,セクター,米国
XLU,公益事業セレクト セクター SPDR ファンド,S&P公益事業セレクト セクター指数の値動きと利回りに、経費控除前で概ね連動する投資成果を上げることを目標とする。,NYSE Arca,0.001,SSGA ファンズ・マネジメント・インク,セクター,米国
XLV,ヘルスケア セレクト セクター SPDR ファンド,S&Pヘルスケア セレクト セクター指数の値動きと利回りに、経費控除前で概ね連動する投資成果を上げることを目標とする。,NYSE Arca,0.001,SSGA ファンズ・マネジメント・インク,セクター,米国
XLY,一般消費財セレクト セクター SPDR ファンド,S&P一般消費財セレクト セクター指数の値動きと利回りに、経費控除前で概ね連動する投資成果を上げることを目標とする。,NYSE Arca,0.001,SSGA ファンズ・マネジメント・インク,セクター,米国
AGG,iシェアーズ・コア 米国総合債券市場 ETF,ブルームバーグ 米国総合 インデックス,NYSE Arca,0.0003,ブラックロック･ファンド・アドバイザーズ,債券,米国
AGGY,ウィズダムツリー 米国債券ファンド（利回り強化型）,ブルームバーグ・バークレイズ･US・アグリゲート・エンハンスト・イールド・インデックスに連動する。,NYSE Arca,0.0012,ウィズダムツリー・アセット・マネジメント,債券,米国
BIV,バンガード 米国中期債券ETF,残存期間が5～10年の米国債、政府機関債、投資適格(ムーディーズによる格付がBaa3以上)の社債および米国外の発行体による米ドル建て債券をカバーする、バークレイズ米国政府/クレジット浮動調整(5-10年)インデックスに連動したパフォーマンスを目指します。,NYSE Arca,0.0005,バンガード グループ,債券,米国
BLV,バンガード 米国長期債券ETF,残存期間が10年超の米国債、政府機関債、社債および米国政府が保証する米国外の発行体による米ドル建て債券をカバーする、バークレイズ米国政府/クレジット浮動調整(10年超)インデックスに連動したパフォーマンスを目指します。,NYSE Arca,0.0005,バンガード グループ,債券,米国
BND,バンガード 米国トータル債券市場ETF,バークレイズ米国総合浮動調整インデックスのパフォーマンスに一致する投資成果を目指す。,NASDAQ,0.00035,バンガード グループ,債券,米国
BNDX,バンガード トータル インターナショナル債券ETF（米ドルヘッジあり）,バークレイズ・グローバル総合（米ドル除く）浮動調整RIC基準インデックス（米ドルヘッジベース）のパフォーマンスに連動した成果を目指す。,NASDAQ,0.0008,バンガード グループ,債券,米国
BSV,バンガード 米国短期債券ETF,残存期間が1～5年の米国債、政府機関債、投資適格(ムーディーズによる格付がBaa3以上)の社債および米国外の発行体による米ドル建て債券をカバーする、バークレイズ米国政府/クレジット浮動調整(1-5年)インデックスに連動したパフォーマンスを目指します。,NYSE Arca,0.0005,バンガード グループ,債券,米国
BWX,SPDRブルームバーグ・バークレイズ世界国債（除く米国）ETF,ブルームバーグ・バークレイズ・グローバル国債（除く米国）キャップド指数,NYSE Arca,0.0035,SSGA ファンズ・マネジメント・インク,債券,米国
CWB,SPDR® ブルームバーグ・バークレイズ・コンバーチブル債券 ETF,ブルームバーグ・バークレイズ・米国コンバーチブル・ボンド> $500MM 指数に連動した成果を目指す。,NYSE Arca,0.004,SSGA ファンズ・マネジメント・インク,債券,米国
EBIZ,グローバル X eコマースETF,ソラクティブ e コマース・インデックス,NASDAQ,0.005,グローバルエックス・マネジメント,債券,米国
EBND,SPDR® ブルームバーグ・バークレイズ 新興国債券（現地通貨建て） ETF,ブルームバーグ・バークレイズ・EMローカル・カレンシー・ガバメント・ダイバーシファイド 指数に連動した成果を目指す。,NYSE Arca,0.003,SSGA ファンズ・マネジメント・インク,債券,米国
EDV,バンガード 超長期米国債ETF,残存期間20～30年の米国債ストリップス債をカバーする、バークレイズ米国債STRIPS(20-30年)均等額面インデックスに連動したパフォーマンスを目指します。,NYSE Arca,0.0007,バンガード グループ,債券,米国
EMB,iシェアーズ J.P.モルガン・米ドル建てエマージング・マーケット債券 ETF,JPモルガン・エマージング・マーケッツ・ボンド・インデックス・グローバル・コア・インデックスに連動する。同インデックスは幅広く多様な米ドル建て新興国債券市場を表す指数であり、新興国で活発に取引されている対外債券商品のトータルリターンを測定する。,NASDAQ,0.0039,ブラックロック･ファンド・アドバイザーズ,債券,米国
HYG,iシェアーズ iBoxx 米ドル建てハイイールド社債 ETF,インターナショナル・インデックス・カンパニー・リミテッドが作成する社債市場インデックスであるiBoxx 米ドル建てリキッド・ハイイールド・インデックスの価格と利回りに連動する。,NYSE Arca,0.0049,ブラックロック･ファンド・アドバイザーズ,債券,米国
HYLS,First Trust Tactical High Yield ETF ファースト トラスト タクティカル ハイ イールド ETF,主に投資適格債に劣後した、又は格付けのないハイイールド債へ投資,NASDAQ,0.0095,ファーストトラスト,債券,米国
HYZD,ウィズダムツリー米国ハイイールド社債ファンド（金利ヘッジ型）,バンクオブアメリカ・メリルリンチ・US・ハイイールド・コンストレインド・ゼロ・デュレーション・インデックスに連動する。,NASDAQ,0.0043,ウィズダムツリー・アセット・マネジメント,債券,米国
IEF,iシェアーズ 米国国債 7-10年 ETF,バークレイズ 米国国債（7-10年）インデックスに連動する。同インデックスは満期まで7年以上10年未満の残存期間を有し、かつ2億5,000万米ドル以上の発行済額面残高を有する、投資適格以上に格付けされた米ドル建ての米国財務省証券での実績を測定する。,NASDAQ,0.0015,ブラックロック･ファンド・アドバイザーズ,債券,米国
IGIB,iシェアーズ 米ドル建て社債 5-10年ETF,ICE BofA 5-10年米国社債インデックスのパフォーマンスに連動した成果を目指す。,NASDAQ,0.0004,ブラックロック･ファンド・アドバイザーズ,債券,米国
IGOV,iシェアーズ 世界国債（除く米国）ETF,FTSE世界先進国債キャップ・セレクト・インデックスに連動した成果を目指す。,NASDAQ,0.0035,ブラックロック･ファンド・アドバイザーズ,債券,米国
IGSB,iシェアーズ 米ドル建て社債1-5年ETF,ICE BofA 1-5年米国社債インデックスのパフォーマンスに連動した成果を目指す。,NASDAQ,0.0006,ブラックロック･ファンド・アドバイザーズ,債券,米国
JNK,SPDR® ブルームバーグ・バークレイズ・ハイ・イールド債券 ETF,ブルームバーグ・バークレイズ・ハイ・イールド・ベリー・リキッド指数に連動した成果を目指す。,NYSE Arca,0.004,SSGA ファンズ・マネジメント・インク,債券,米国
LEMB,iシェアーズ 現地通貨建てエマージング・マーケット債券 ETF,ブルームバーグ・バークレイズ 新興市場ブロード自国通貨建て国債インデックスの価格及び利回りの実績に概ね対応する投資成果をあげることを目指す。,NYSE Arca,0.003,ブラックロック･ファンド・アドバイザーズ,債券,米国
LQD,iシェアーズ iBoxx 米ドル建て投資適格社債 ETF,インターナショナル・インデックス・カンパニー・リミテッドが作成するiBoxx 米ドル建てリキッド投資適格インデックスによって定義される債券市場の価格と利回りに連動する。,NYSE Arca,0.0015,ブラックロック・ファンド・アドバイザーズ,債券,米国
MBB,iシェアーズ 米国 MBS ETF,ブルームバーグ 米国MBS インデックス,NASDAQ,0.0006,ブラックロック･ファンド・アドバイザーズ,債券,米国
NIIC,日興AM-ICBCSG 中国債券ETF,ChinaBond ICBC 1-10年財務省および政策銀行債券指数,メインボード,0.003,日興アセットマネジメント,債券,米国
SHV,iシェアーズ 米国短期国債 ETF,ICE短期米国債指数に連動する。同インデックスは残存期間1～12ヶ月の米国財務省の公的債務のパフォーマンスを測る指標で、発行残高（額面ベース）が2億5000万ドル以上で、米ドル建て非転換確定利付証券である米国財務省証券を組み入れている。,NASDAQ,0.0015,ブラックロック･ファンド・アドバイザーズ,債券,米国
SHY,iシェアーズ 米国国債 1-3年 ETF,ICE米国財務省(1-3 年)インデックスに連動する。同インデックスは公開発行され、残存期間が1～3年、米ドル建て非転換確定利付証券、ムーディーズで投資適格（Baa3以上）の格付け、固定金利、発行残高（額面ベース）2億5000万ドル以上の米国財務省証券を組み入れている。,NASDAQ,0.0015,ブラックロック･ファンド・アドバイザーズ,債券,米国
SJNK,SPDRブルームバーグ・バークレイズ短期ハイ・イールド債券ETF,ブルームバーグ・バークレイズ米国ハイ・イールド・350mnキャッシュペイ0-5年・2%キャップド指数,NYSE Arca,0.004,SSGA ファンズ・マネジメント・インク,債券,米国
SPAB,SPDRポートフォリオ米国総合債券ETF,ブルームバーグ・バークレイズUSアグリゲート指数,NYSE Arca,0.0003,SSGA ファンズ・マネジメント・インク,債券,米国
SPIB,SPDRポートフォリオ米国中期社債ETF,ブルームバーグ・バークレイズ米国社債中期指数,NYSE Arca,0.0007,SSGA ファンズ・マネジメント・インク,債券,米国
SPLB,SPDRポートフォリオ米国長期社債ETF,ブルームバーグ・バークレイズ米国社債長期指数,NYSE Arca,0.0007,SSGA ファンズ・マネジメント・インク,債券,米国
SPSB,SPDRポートフォリオ米国短期社債ETF,ブルームバーグ・バークレイズ米国社債1-3年指数,NYSE Arca,0.0007,SSGA ファンズ・マネジメント・インク,債券,米国
SPTI,SPDR® Portfolio Intermediate Term Treasury ETF SPDR® ポートフォリオ米国中期国債ETF,ブルームバーグ・バークレイズ 中期米国国債 指数に連動した成果を目指す。,NYSE Arca,0.0006,SSGA ファンズ・マネジメント・インク,債券,米国
SPTL,SPDRポートフォリオ米国長期国債ETF,ブルームバーグ・バークレイズ米国国債長期指数,NYSE Arca,0.0006,SSGA ファンズ・マネジメント・インク,債券,米国
SPTS,SPDRポートフォリオ米国短期国債ETF,ブルームバーグ・バークレイズ米国国債1-3年指数,NYSE Arca,0.0006,SSGA ファンズ・マネジメント・インク,債券,米国
TIP,iシェアーズ 米国物価連動国債 ETF,米国TIPS インデックス,NYSE Arca,0.0019,ブラックロック･ファンド・アドバイザーズ,債券,米国
TLT,iシェアーズ 米国国債 20年超 ETF,バークレイズ米国国債20年超インデックスは時価総額加重型で、公開発行された米国財務省証券であって、残存期間が20年超、米ドル建て、ムーディーズ・インベスターズ・サービスで投資適格（Baa3以上）の格付け、固定金利、発行残高（額面ベース）1億5000万ドル超のすべての証券で構成される。,NASDAQ,0.0015,ブラックロック・ファンド・アドバイザーズ,債券,米国
TMF,Direxion デイリー20年超米国債ブル3倍 ETF,NYSE 20年米国債指数の300%のパフォーマンスに連動した成果を目指す。,NYSE Arca,0.0095,Direxion Investments,債券,米国
TMV,Direxion デイリー20年超米国債ベア3倍 ETF,NYSE 20年米国債指数の値動きの反対方向の300%のパフォーマンスに連動した成果を目指す。,NYSE Arca,0.0095,Direxion Investments,債券,米国
USIG,iシェアーズ・ブロード米ドル建て投資適格社債 ETF,ICE BofA 米国社債インデックスのパフォーマンスに連動した成果を目指す。,NASDAQ,0.0006,ブラックロック･ファンド・アドバイザーズ,債券,米国
VCIT,バンガード 米国中期社債ETF,工業、公共事業、金融業の企業が発行する米ドル建て課税対象固定利付投資適格債券のうち、残存期間が5～10年のものをカバーする、バークレイズ米国社債(5-10年)インデックスに連動したパフォーマンスを目指します。,NASDAQ,0.0005,バンガード グループ,債券,米国
VCLT,バンガード 米国長期社債ETF,工業、公共事業、金融業の企業が発行する米ドル建て課税対象固定利付投資適格債券のうち、残存期間が10年超のものをカバーする、バークレイズ米国社債(10年超)インデックスに連動したパフォーマンスを目指します。,NASDAQ,0.0005,バンガード グループ,債券,米国
VCSH,バンガード 米国短期社債ETF,工業、公共事業、金融業の企業が発行する米ドル建て課税対象固定利付投資適格債券のうち、残存期間が1～5年のものをカバーする、バークレイズ米国社債(1-5年)インデックスに連動したパフォーマンスを目指します。,NASDAQ,0.0005,バンガード グループ,債券,米国
VGIT,バンガード・米国中期国債ETF,米国債、政府機関債、および米国政府が保証する社債や米国外の発行体による米ドル建て債券のうち、残存期間が3～10年のものをカバーする、ブルームバーグ・バークレイズ米国国債浮動調整（3-10年）インデックスに連動したパフォーマンスを目指します。,NASDAQ,0.0005,バンガード グループ,債券,米国
VGLT,バンガード・米国長期国債ETF,残存期間が10年超の米国債および政府機関債をカバーする、ブルームバーグ・バークレイズ米国国債浮動調整（10年超）インデックスに連動したパフォーマンスを目指します。,NASDAQ,0.0004,バンガード グループ,債券,米国
VGSH,バンガード・米国短期国債ETF,米国債、政府機関債、および米国政府が保証する社債や米国外の発行体による米ドル建て債券のうち、残存期間が1～3年のものをカバーする、ブルームバーグ・バークレイズ米国国債浮動調整（1-3年）インデックスに連動したパフォーマンスを目指します。,NASDAQ,0.0005,バンガード グループ,債券,米国
VMBS,バンガード 米国モーゲージ担保証券ETF,ジニーメイ(GNMA)、ファニーメイ(FNMA)、フレディマック(FHLMC)の発行する米国モーゲージ担保パススルー・エージェンシー債をカバーする、バークレイズ米国MBS浮動調整インデックスに連動したパフォーマンスを目指します。,NASDAQ,0.0005,バンガード グループ,債券,米国
VTIP,バンガード 米国短期インフレ連動債ETF,米国財務省が発行する残存期間5年未満のインフレ連動国債をカバーする、バークレイズ米国TIPS(0-5年)インデックス(シリーズL)に連動したパフォーマンスを目指します。,NASDAQ,0.0005,バンガード グループ,債券,米国
VWOB,バンガード 米ドル建て新興国政府債券ETF,バークレイズ米ドル建て新興市場政府債RIC基準インデックスのパフォーマンスへの連動を目指します。,NASDAQ,0.0025,バンガード グループ,債券,米国
YYY,アンプリファイ ハイ インカムETF,ISEハイ・ インカム・インデックスに連動する投資成果を目指す。,NYSE Arca,0.0217,エクスチェンジ・トレーディド・コンセプツ,債券,米国
AAPD,Direxion Daily AAPL Bear 1X Shares Direxion デイリ ー AAPL 株 ベア1倍 ETF,アップル・インク (NASDAQ: AAPL)の普通株式の日々のパフォーマンスのインバース(又はオポジット)の100％の日々の投資成果を追求する。本ファンドは、取引日以外の期間、規定の投資目標の達成を追求しない。,NASDAQ,0.0095,Direxion Investments,コモディティ,米国
AAPU,Direxion Daily AAPL Bull 1.5X Shares Direxion デイリー AAPL 株 ブル 1.5 倍 ETF,アップル・インク (NASDAQ: AAPL) の普通株式の日々のパフォーマンスの150％の日々の投資成果を追求する。本ファンドは、取引日以外の期間、規定の投資目標の達成を追求しない。,NASDAQ,0.0095,Direxion Investments,コモディティ,米国
DRIP,Direxion デイリー S&P 石油・ガス探鉱・生産 ベア2倍 ETF,S&P 石油・ガス探鉱・生産・ セレクト・インダストリー指数の反対方向の200%のパフォーマンスに連動した成果を目指す。,NYSE Arca,0.0095,Direxion Investments,コモディティ,米国
DUST,Direxion デイリー 金鉱株 ベア2倍 ETF,NYSE Arca ゴールド マイナーズ インデックスの反対方向の200%のパフォーマンスに連動した成果を目指す。,NYSE Arca,0.0095,Direxion Investments,コモディティ,米国
GDX,ヴァンエックベクトル 金鉱株ETF,NYSE Arca金鉱株指数に連動した成果を目指す。,NYSE Arca,0.0052,ヴァン・エック・グローバル,コモディティ,米国
GDXJ,ヴァンエックベクトル ジュニア金鉱株 ETF,MVIS ジュニア金鉱株指数に連動した成果を目指す。,NYSE Arca,0.0054,ヴァン・エック・グローバル,コモディティ,米国
GINN,Goldman Sachs Innovate Equity ETF GS イノベーション ETF,the Solactive Innovative Global Equity Indexに連動した投資成果を目指す。,NYSE Arca,0.005,ゴールドマン・サックス・アセット・マネジメント,コモディティ,米国
GLD,SPDR ゴールド シェア,金現物取引の世界標準であるロンドン午後値決め（London PM Fixing）に連動する。,NYSE Arca,0.004,ステート・ストリート・グローバル・アドバイザーズ,コモディティ,米国
GLDM,SPDR® Gold MiniShares Trust SPDR® ゴールド ミニシェアーズ トラスト,LBMA Gold Price PMに連動した成果を目指す。,NYSE Arca,0.0018,ステート・ストリート・グローバル・アドバイザーズ,コモディティ,米国
GNOM,Global X Genomics & Biotechnology ETF グローバルX ゲノム＆バイオテクノロジー ETF,ソラクティブ・ ゲノミクス・インデックスに連動する投資成果を目指します。,NASDAQ,0.005,グローバルエックス・マネジメント,コモディティ,米国
GUSH,Direxion デイリー S&P 石油・ガス探鉱・生産 ブル2倍 ETF,S&P 石油・ガス探鉱・生産・ セレクト・インダストリー指数の200%のパフォーマンスに連動した成果を目指す。,NYSE Arca,0.0095,Direxion Investments,コモディティ,米国
GXTG,Global X Thematic Growth ETF グローバルX マルチテーマ成長株 ETF,ソラクティブ・セマティック・グロース・インデックスに連動する投資成果を目指します。,NASDAQ,0.005,グローバルエックス・マネジメント,コモディティ,米国
HACK,ETFMG プライム サイバー セキュリティ,ISEサイバー・セキュリティ指数に連動する投資成果を目指す。,NYSE Arca,0.006,ファクター・アドバイザーズ,コモディティ,米国
HERO,Global X Video Games & Esports ETF グローバルX ヒーローズ（ゲーム＆eスポーツ）ETF,ソラクティブ・ビデオゲーム・アンド・E スポーツ・インデックスに連動する投資成果を目指します。,NASDAQ,0.005,グローバルエックス・マネジメント,コモディティ,米国
IAU,iシェアーズ ゴールド・トラスト,信託財産の金をCOMEXのスポット価格で評価し、1ユニット当りNAV（基準価格）を算出することで、金価格に連動する。,NYSE Arca,0.0025,iシェアーズ・デラウェア・トラスト・スポンサー・エルエルシー,コモディティ,米国
IYR,iシェアーズ 米国不動産 ETF,ダウ・ジョーンズ米国不動産キャップド指数に連動する投資成果を目指します。,NYSE Arca,0.0039,ブラックロック・ファンド・アドバイザーズ,コモディティ,米国
NUGT,Direxion デイリー 金鉱株 ブル2倍 ETF,NYSE Arca ゴールド マイナーズ インデックスの200%のパフォーマンスに連動した成果を目指す。,NYSE Arca,0.0095,Direxion Investments,コモディティ,米国
RNRG,Global X Renewable Energy Producers ETF Global X 再生可能エネルギーETF,ベンチマーク指数（Indxx Renewable Energy Producers Index）に連動した成果を目指す。,NASDAQ,0.0065,グローバルエックス・マネジメント,コモディティ,米国
SLV,iシェアーズ シルバー・トラスト,信託財産の銀をロンドン市場価格（London FIX）で評価し、1ユニット当りNAV（基準価格）を算出することで、銀価格に連動する。,NYSE Arca,0.005,iシェアーズ・デラウェア・トラスト・スポンサー・エルエルシー,コモディティ,米国
TSLL,Direxion Daily TSLA Bull 1.5X Shares Direxion デ イ リ ー TSLA 株 ブル1.5倍 ETF,テスラ・インク (NASDAQ: TSLA)の普通株式の日々のパフォーマンスの150％の日々の投資成果を追求する。本ファンドは、取引日以外の期間、規定の投資目標の達成を追求しない。,NASDAQ,0.0095,Direxion Investments,コモディティ,米国
TSLS,Direxion Daily TSLA Bear 1X Shares Direxion デ イ リ ー TSLA 株 ベア1倍 ETF,テスラ・インク (NASDAQ: TSLA)の普通株式の日々のパフォーマンスのインバース(又はオポジット)の100％の日々の投資成果を追求する。本ファンドは、取引日以外の期間、規定の投資目標の達成を追求しない。,NASDAQ,0.0095,Direxion Investments,コモディティ,米国
WOOD,iシェアーズ グローバル・ティンバー＆フォレストリー ETF,S&P グローバル ティンバー＆フォレストリー指数に連動。当インデックスは、森林の保有、管理、サプライチェーンの上流に関わっている最大手の上場企業25社の銘柄で構成される。,NASDAQ,0.004,ブラックロック･ファンド・アドバイザーズ,コモディティ,米国
ALTY,Global X Alternative Income ETF グローバルX スーパーディビィデンド-オルタナティブズ ETF,Indxx スーパーディビデント オルタナティブ インデックスに連動した成果を目指す。,NASDAQ,0.005,グローバルエックス・マネジメント,アクティブ,米国
ELD,ウィズダムツリー 新興国現地通貨建債券ファンド,新興国の現地通貨建ての現地債券に投資する。,NYSE Arca,0.0055,ウィズダムツリー・アセット・マネジメント,アクティブ,米国
EMBD,Global X Emerging Markets Bond グローバルＸ 新興国債券 ETF,新興国債券を投資先とするアクティブ型ETF。低コストかつ高利回りでの運用を目指す。,NYSE Arca,0.0039,グローバルエックス・マネジメント,アクティブ,米国
GAL,SPDR SSGA グローバル アロケーション ETF,株式、債券、REIT、コモディティ、物価連動債など様々な資産へ投資する。,NYSE Arca,0.0035,SSGA ファンズ・マネジメント・インク,アクティブ,米国
INKM,SPDR SSGA インカム アロケーション ETF,配当および利回りを重視し、株式、米国債券、社債、転換社債、優先証券、グローバルREITなど様々な資産へ投資する。,NYSE Arca,0.005,SSGA ファンズ・マネジメント・インク,アクティブ,米国
JEPI,JPMorgan Equity Premium Income JPモルガン 米国株式 プレミアム インカムETF,オプション、米国大型株への投資を行うアクティブ型ETF。毎月分配と、低ボラティリティでS&P 500に近いリターンを提供することを目指す。,NYSE Arca,0.0035,JPモルガン・アセットマネジメント,アクティブ,米国
JEPQ,JPMorgan Nasdaq Equity Premium Income ETF JPモルガン・ナスダック米国株式・プレミアム・インカムETF,米国の大型成長株の保有とオプションの売却を組み合わせたポートフォリオから株式の配当金とオプションプレミアムを獲得し、これらのインカムを原資として毎月分配を目指します。,NASDAQ,0.0035,JPモルガン・アセットマネジメント,アクティブ,米国
KRMA,Global X Conscious Companies ETF グローバルX ESG経営企業 ETF,コンシニティ コンシャス カンパニーズ インデックスに連動した成果を目指す。,NASDAQ,0.0043,グローバルエックス・マネジメント,アクティブ,米国
LMBS,First Trust Low Duration Opportunities ETF ファースト トラスト ロー デュレーション オポチュニティーズ ETF,コンシニティ コンシャス カンパニーズ インデックスに連動した成果を目指す。,NASDAQ,0.0067,グローバルエックス・マネジメント,アクティブ,米国
MILN,Global X Millennial Consumer ETF グローバルX ミレニアル世代 ETF,Indxx ミレニアルズ セマティック インデックスに連動した成果を目指す。,NASDAQ,0.005,グローバルエックス・マネジメント,アクティブ,米国
PFFD,Global X US Preferred ETF グローバルX 米国優先証券 ETF,ICE BofAML・ダイバーシファイド・コア・米国優先証券・インデックスのパフォーマンス(手数料および経費控除前)に連動する投資成果を目指している,NYSE Arca,0.0023,グローバルエックス・マネジメント,アクティブ,米国
QDIV,Global X S&P 500 Quality Dividend ETF グローバルX 高配当・優良・米国株 ETF,S&P500・クオリティ・ハイ・ディビィデンド・インデックスのパフォーマンス(手数料および経費控除前)に連動する投資成果を目指している,NYSE Arca,0.002,グローバルエックス・マネジメント,アクティブ,米国
QYLD,Global X Nasdaq 100 Covered Call ETF グローバルX NASDAQ100・カバード・コール ETF,CBOE NASDAQ-100® ・バイライト・V2・インデックスに連動する投資成果を目指します。,NASDAQ,0.006,グローバルエックス・マネジメント,アクティブ,米国
RLY,PDR SSGA マルチ アセット リアル リターン ETF,株式を上回るリターンを目指し、コモディティ、不動産、米国物価連動国債(TIPS)などに投資する。,NYSE Arca,0.005,SSGA ファンズ・マネジメント・インク,アクティブ,米国
SDIV,Global X SuperDividendR ETF グローバルX スーパーディビィデンド-世界株式 ETF,ソラクティブ・グローバル・スーパーディビィデンド®インデックスに連動する投資成果を目指します。,NYSE Arca,0.0059,グローバルエックス・マネジメント,アクティブ,米国
SRET,Global X SuperDividend® REIT ETF グローバルX スーパーディビィデンド-世界リート ETF,ソラクティブ グローバル スーパーディビィデンド®REIT インデックスに連動した成果を目指す。,NASDAQ,0.0059,グローバルエックス・マネジメント,アクティブ,米国
SRLN,SPDR Blackstone Senior Loan ETF SPDRブラックストーン・シニアローンETF,Markit iBoxx米ドル建てリキッド・レバレッジド・ローン指数（「プライマリー・ベンチマーク」）およびS&P/LSTA米国レバレッジド・ローン100指数（「セカンダリー・ベンチマーク」）をアウトパフォームすることを目指します。,NYSE Arca,0.007,SSGA ファンズ・マネジメント・インク,アクティブ,米国
TOTL,SPDRダブルライン・トータル・リターン・タクティカルETF,ブルームバーグ・バークレイズUSアグリゲート指数,NYSE Arca,0.0055,SSGA ファンズ・マネジメント・インク,アクティブ,米国
TQQQ,Ultra Pro QQQ ETF プロシェア ウルトラプロ QQQ ETF,プロシェアーズ・ウルトラプロQQQは、米国籍のETF。ナスダック100指数の日次運用実績の3倍（300％)に連動する投資成果を目指す,NASDAQ,0.0095,プロシェアーズ,アクティブ,米国
VPN,グローバルX データセンターリート＆デジタルインフラ ETF,ソラクティブ・データセンターREIT＆ デジタル・インフラストラクチャー・インデックスのパフォーマンスに連動した成果を目指す。,NASDAQ,0.005,グローバルエックス・マネジメント,アクティブ,米国