対象指標,コード,名称,管理会社（検索コード）,信託報酬
TOPIX,1305,iFreeETF TOPIX（年1回決算型）,大和アセットマネジメント(13054),0.06%
TOPIX,1306,ＮＥＸＴ ＦＵＮＤＳ ＴＯＰＩＸ連動型上場投信,野村アセットマネジメント(13064),0.0596％
TOPIX,1308,上場インデックスファンドTOPIX,日興アセットマネジメント(13084),0.09%
TOPIX,1348,ＭＡＸＩＳ　トピックス上場投信,三菱UFJ国際投信(13444),0.08%
TOPIX,1473,Ｏｎｅ　ＥＴＦ　トピックス,アセットマネジメントOne(13694),0.08%
TOPIX,2524,NZAM 上場投信 TOPIX,農林中金全共連アセットマネジメント(15954),0.08%
TOPIX,2557,ＳＭＤＡＭ　トピックス上場投信,三井住友DSアセットマネジメント株式会社(15624),0.07%
TOPIX,2625,iFreeETF TOPIX（年4回決算型）,大和アセットマネジメント(13054),0.06%
ＴＯＰＩＸ（配当込み）,1475,iシェアーズ・コア　TOPIX ETF,ブラックロック・ジャパン(13294),0.05%
日経平均株価,1320,iFreeETF 日経225（年1回決算型）,大和アセットマネジメント(13054),0.12%
日経平均株価,1321,ＮＥＸＴ ＦＵＮＤＳ 日経225連動型上場投信,野村アセットマネジメント(13064),0.12%
日経平均株価,1330,上場インデックスファンド225,日興アセットマネジメント(13084),0.23%
日経平均株価,1346,ＭＡＸＩＳ　日経２２５上場投信,三菱UFJ国際投信(13444),0.17%
日経平均株価,1578,上場インデックスファンド日経225（ミニ）,日興アセットマネジメント(13084),0.23%
日経平均株価,1369,Ｏｎｅ　ＥＴＦ　日経２２５,アセットマネジメントOne(13694),0.16%
日経平均株価,1397,ＳＭＤＡＭ　日経２２５上場投信,三井住友DSアセットマネジメント(15624),0.14%
日経平均株価,2525,NZAM 上場投信 日経225,農林中金全共連アセットマネジメント(15954),0.14%
日経平均株価,2624,iFreeETF 日経225（年4回決算型）,大和アセットマネジメント(13054),0.12%
日経平均トータルリターン・インデックス,1329,iシェアーズ・コア　日経225 ETF,ブラックロック・ジャパン(13294),0.05%
JPX日経インデックス400,1591,ＮＥＸＴ ＦＵＮＤＳ ＪＰＸ日経インデックス４００連動型上場投信,野村アセットマネジメント(13064),0.10%
JPX日経インデックス400,1592,上場インデックスファンドJPX日経インデックス400,日興アセットマネジメント(13084),0.10%
JPX日経インデックス400,1593,ＭＡＸＩＳ ＪＰＸ日経インデックス４００上場投信,三菱UFJ国際投信(13444),0.08%
JPX日経インデックス400,1599,iFreeETF JPX日経400,大和アセットマネジメント(13054),0.18%
JPX日経インデックス400,1474,Ｏｎｅ　ＥＴＦ　ＪＰＸ日経４００,アセットマネジメントOne(13694),0.17%
JPX日経インデックス400,2526,NZAM 上場投信 JPX日経400,農林中金全共連アセットマネジメント(15954),0.12%
JPX 日経 400（配当込み）,1364,iシェアーズ　JPX日経400 ETF,ブラックロック・ジャパン(13294),0.05%
日経300,1319,ＮＥＸＴ ＦＵＮＤＳ 日経300株価指数連動型上場投信,野村アセットマネジメント(13064),0.505%
東証マザーズ指数,2516,東証マザーズETF,シンプレクス・アセット・マネジメント(16714),0.50%
東証グロース市場Core指数,1563,東証グロース・コアＥＴＦ,シンプレクス・アセット・マネジメント(16714),0.50%
東証スタンダード市場ＴＯＰ２０,1551,東証スタンダードＴＯＰ２０ＥＴＦ,シンプレクス・アセット・マネジメント(16714),0.50%
TOPIX Core 30,1311,ＮＥＸＴ ＦＵＮＤＳ ＴＯＰＩＸ Ｃｏｒｅ 30連動型上場投信,野村アセットマネジメント(13064),0.19%
ＪＰＸ日経中小型株指数,1492,ＭＡＸＩＳ ＪＰＸ 日経中小型株指数上場投信,三菱UFJ国際投信(13444),0.5%
ＪＰＸ日経中小型株指数,1493,Ｏｎｅ　ＥＴＦ　ＪＰＸ日経中小型,アセットマネジメントOne(13694),0.5%
TOPIX-17食品,1617,ＮＥＸＴ ＦＵＮＤＳ 食品(ＴＯＰＩＸ－１７)上場投信,野村アセットマネジメント(13064),0.32%
TOPIX-17エネルギー資源,1618,ＮＥＸＴ ＦＵＮＤＳ エネルギー資源(ＴＯＰＩＸ－１７)上場投信,野村アセットマネジメント(13064),0.32%
TOPIX-17建設・資材,1619,ＮＥＸＴ ＦＵＮＤＳ 建設・資材(ＴＯＰＩＸ－１７)上場投信,野村アセットマネジメント(13064),0.32%
TOPIX-17素材・化学,1620,ＮＥＸＴ ＦＵＮＤＳ 素材・化学(ＴＯＰＩＸ－１７)上場投信,野村アセットマネジメント(13064),0.32%
TOPIX-17医薬品,1621,ＮＥＸＴ ＦＵＮＤＳ 医薬品(ＴＯＰＩＸ－１７)上場投信,野村アセットマネジメント(13064),0.32%
TOPIX-17自動車・輸送機,1622,ＮＥＸＴ ＦＵＮＤＳ 自動車・輸送機(ＴＯＰＩＸ－１７)上場投信,野村アセットマネジメント(13064),0.32%
TOPIX-17鉄鋼・非鉄,1623,ＮＥＸＴ ＦＵＮＤＳ 鉄鋼・非鉄(ＴＯＰＩＸ－１７)上場投信,野村アセットマネジメント(13064),0.32%
TOPIX-17機械,1624,ＮＥＸＴ ＦＵＮＤＳ 機械(ＴＯＰＩＸ－１７)上場投信,野村アセットマネジメント(13064),0.32%
TOPIX-17電機・精密,1625,ＮＥＸＴ ＦＵＮＤＳ 電機・精密(ＴＯＰＩＸ－１７)上場投信,野村アセットマネジメント(13064),0.32%
TOPIX-17情報通信・サービスその他,1626,ＮＥＸＴ ＦＵＮＤＳ 情報通信・サービスその他(ＴＯＰＩＸ－１７)上場投信,野村アセットマネジメント(13064),0.32%
TOPIX-17電力・ガス,1627,ＮＥＸＴ ＦＵＮＤＳ 電力・ガス(ＴＯＰＩＸ－１７)上場投信,野村アセットマネジメント(13064),0.32%
TOPIX-17運輸・物流,1628,ＮＥＸＴ ＦＵＮＤＳ 運輸・物流(ＴＯＰＩＸ－１７)上場投信,野村アセットマネジメント(13064),0.32%
TOPIX-17商社・卸売,1629,ＮＥＸＴ ＦＵＮＤＳ 商社・卸売(ＴＯＰＩＸ－１７)上場投信,野村アセットマネジメント(13064),0.32%
TOPIX-17小売,1630,ＮＥＸＴ ＦＵＮＤＳ 小売(ＴＯＰＩＸ－１７)上場投信,野村アセットマネジメント(13064),0.32%
TOPIX-17銀行,1631,ＮＥＸＴ ＦＵＮＤＳ 銀行(ＴＯＰＩＸ－１７)上場投信,野村アセットマネジメント(13064),0.32%
TOPIX-17金融(除く銀行),1632,ＮＥＸＴ ＦＵＮＤＳ 金融(除く銀行)(ＴＯＰＩＸ－１７)上場投信,野村アセットマネジメント(13064),0.32%
TOPIX-17不動産,1633,ＮＥＸＴ ＦＵＮＤＳ 不動産(ＴＯＰＩＸ－１７)上場投信,野村アセットマネジメント(13064),0.32%
銀行業株価指数,1615,ＮＥＸＴ ＦＵＮＤＳ 東証銀行業株価指数連動型上場投信,野村アセットマネジメント(13064),0.19%
東証配当フォーカス100指数,1698,上場インデックスファンド日本高配当（東証配当フォーカス100）,日興アセットマネジメント(13084),0.28%
野村日本株高配当70,1577,NEXT FUNDS 野村日本株高配当70連動型上場投信,野村アセットマネジメント(13064),0.32%
TOPIX Ex-Financials,1585,iFreeETF TOPIX Ex-Financials,大和アセットマネジメント(13054),0.18%
TOPIX Ex-Financials,1586,上場インデックスファンドTOPIX Ex-Financials,日興アセットマネジメント(13084),0.09%
TOPIX Ex-Financials,1596,NZAM 上場投信 TOPIX Ex-Financials,農林中金全共連アセットマネジメント(15954),0.11%
TOPIX Ex-Financials,2523,ＭＡＸＩＳトピックス（除く金融）上場投信,三菱ＵＦＪ国際投信(13444),0.11%
MSCI 日本株最小分散指数（配当込み）,1477,iシェアーズ　MSCI 日本株最小分散 ETF,ブラックロック・ジャパン(13294),0.19%
MSCI ジャパン高配当利回り指数（配当込み）,1478,iシェアーズ　MSCI ジャパン高配当利回り ETF,ブラックロック・ジャパン(13294),0.19%
MSCIジャパンIMIカスタム高流動性高利回り低ボラティリティ指数,1399,上場インデックスファンドMSCI日本株高配当低ボラティリティ,日興アセットマネジメント(13084),0.35%
ＭＳＣＩ日本株人材設備投資指数,1479,iFreeETF MSCI日本株人材設備投資指数,大和アセットマネジメント(13054),0.15%
野村企業価値分配指数,1480,ＮＥＸＴ ＦＵＮＤＳ 野村企業価値分配指数連動型上場投信,野村アセットマネジメント(13064),0.23%
JPX/S&P 設備・人材投資指数,1481,上場インデックスファンド日本経済貢献株,日興アセットマネジメント(13084),0.15%
JPX/S&P 設備・人材投資指数,1484,Ｏｎｅ　ＥＴＦ　ＪＰＸ／Ｓ＆Ｐ　設備・人材投資指数,アセットマネジメントOne(13694),0.17%
JPX/S&P 設備・人材投資指数(トータ ルリターン),1483,iシェアーズ　JPX/S&P 設備・人材投資 ETF,ブラックロック・ジャパン(13294),0.19%
ｉＳＴＯＸＸ ＭＵＴＢ Ｊａｐａｎ 積極投資企業２００インデックス,1485,ＭＡＸＩＳ ＪＡＰＡＮ 設備・人材積極投資企業２００上場投信,三菱UFJ国際投信(13444),0.22%
日経平均高配当株50指数,1489,NEXT FUNDS 日経平均高配当株50指数連動型上場投信,野村アセットマネジメント(13064),0.28%
Ｓ＆Ｐ／ＪＰＸ　配当貴族指数,1494,Ｏｎｅ　ＥＴＦ　高配当日本株,アセットマネジメントOne(13694),0.28%
TOPIX高配当40指数,1651,iFreeETF TOPIX高配当40指数,大和アセットマネジメント(13054),0.19%
MSCI日本株女性活躍指数,1652,iFreeETF MSCI日本株女性活躍指数（WIN）,大和アセットマネジメント(13054),0.15%
MSCI日本株女性活躍指数（セレクト）,2518,ＮＥＸＴ ＦＵＮＤＳ ＭＳＣＩ日本株女性活躍指数（セレクト）連動型上場投信,野村アセットマネジメント(13064),0.15%
MSCIジャパンESGセレクト・リーダーズ指数,1653,iFreeETF MSCIジャパンESGセレクト・リーダーズ指数,大和アセットマネジメント(13054),0.15%
FTSE Blossom Japan Index,1654,iFreeETF FTSE Blossom Japan Index,大和アセットマネジメント(13054),0.15%
FTSE Blossom Japan Index,1498,Ｏｎｅ　ＥＴＦ　ＥＳＧ,アセットマネジメントOne(13694),0.13%
野村株主還元70,2529,ＮＥＸＴ ＦＵＮＤＳ 野村株主還元70連動型上場投信,野村アセットマネジメント(13064),0.28%
S&P/JPX カーボン・エフィシェント指数,2560,ＭＡＸＩＳカーボン・エフィシェント日本株上場投信,三菱ＵＦＪ国際投信(13444),0.13%
S&P/JPX カーボン・エフィシェント指数,2567,NZAM 上場投信 S＆P／JPXカーボン・エフィシェント指数,農林中金全共連アセットマネジメント(15954),0.12%
S&P/JPX カーボン・エフィシェント指数,2642,SMT ETF カーボン・エフィシェント日本株,三井住友トラスト・アセットマネジメント(26424),0.12%
MSCIジャパン・高配当セレクト25指数,2564,グローバルＸ MSCIスーパーディビィデンド-日本株式 ETF,Global X Japan(25644),0.39%
Solactive Digital Innovation Japan Index,2626,グローバルＸ デジタル・イノベーション-日本株式 ETF,Global X Japan(25644),0.59%
Indxx Japan E-Commerce Index,2627,グローバルＸ eコマース-日本株式 ETF,Global X Japan(25644),0.59%
MSCI Japan Governance-Quality Index,2636,グローバルＸ MSCI ガバナンス・クオリティ-日本株式 ETF,Global X Japan(25644),0.275%
FactSet Japan CleanTech & Energy Index,2637,グローバルＸ クリーンテックESG-日本株式 ETF,Global X Japan(25644),0.59%
Indxx Japan Robotics & AI Index,2638,グローバルＸ ロボティクス＆AI-日本株式 ETF,Global X Japan(25644),0.59%
FactSet Japan Bio & Med Technologies Index,2639,グローバルＸ バイオ＆メドテック-日本株式 ETF,Global X Japan(25644),0.59%
Solactive Japan Games & Animation Index,2640,グローバルＸ ゲーム＆アニメ-日本株式 ETF,Global X Japan(25644),0.59%
FactSet Japan Global Leaders ESG Index,2641,グローバルＸ グローバルリーダーズ ESG-日本株式 ETF,Global X Japan(25644),0.275%
MSCI Japan Country ESG Leaders Index,2643,ＮＥＸＴ ＦＵＮＤＳ ＭＳＣＩジャパンカントリーＥＳＧリーダーズ指数連動型上場投信,野村アセットマネジメント(13064),0.12%
FactSet Japan Semiconductor Index,2644,グローバルＸ 半導体関連-日本株式 ETF,Global X Japan(25644),0.59%
Solactive Japan Leisure & Entertainment Index,2645,グローバルＸ レジャー＆エンターテインメント-日本株式 ETF,Global X Japan(25644),0.59%
FactSet Japan Metal Business Index,2646,グローバルＸ メタルビジネス-日本株式 ETF,Global X Japan(25644),0.59%
Indxx Japan Fintech Index,2836,グローバルＸ フィンテック-日本株式 ETF,Global X Japan(25644),0.59%
FactSet Japan Mid & Small Cap Leaders ESG Index,2837,グローバルＸ 中小型リーダーズ ESG-日本株式 ETF,Global X Japan(25644),0.275%
FactSet Japan New Growth Infrastructure Index,2847,グローバルＸ 新成長インフラ-日本株式 ETF,Global X Japan(25644),0.59%
MSCI Japan Climate Change Index,2848,グローバルＸ MSCI 気候変動対応-日本株式 ETF,Global X Japan(25644),0.275%
Morningstar®日本株式サステナビリティ配当利回りフォーカス指数℠,2849,グローバルＸ Morningstar 高配当 ESG-日本株式 ETF,Global X Japan(25644),0.275%
Solactive Japan ESG Core 指数,2850,ＮＥＸＴ ＦＵＮＤＳ ＳｏｌａｃｔｉｖｅジャパンＥＳＧコア指数連動型上場投信,野村アセットマネジメント(13064),0.12%
MSCIジャパン700 SRIセレクト指数（配当込み）,2851,iシェアーズ　MSCI ジャパンSRI ETF,ブラックロック・ジャパン(13294),0.11%
FactSet Japan Tech Top 20 Index,2854,グローバルＸ テック・トップ20-日本株式 ETF,Global X Japan(25644),0.275%
MSCIジャパンIMIカスタムロングショート戦略85%＋円キャッシュ15%指数,1490,上場インデックスファンドMSCI日本株高配当低ボラティリティ（βヘッジ）,日興アセットマネジメント(13084),0.45%
野村日本株高配当70マーケットニュートラル指数,1499,ＭＡＸＩＳ日本株高配当70マーケットニュートラル上場投信,三菱UFJ国際投信(13444),0.40%
日経平均カバードコールATMインデックス,2858,グローバルＸ 日経225 カバード・コール ETF（プレミアム再投資型）,Global X Japan(25644),0.275%
Cboe NASDAQ-100 BuyWrite V2 Index（円換算）,2865,グローバルＸ NASDAQ100・カバード・コール ETF,Global X Japan(25644),0.625%
Cboe S&P 500 BuyWrite Index（円換算）,2868,グローバルＸ S&P500・カバード・コール ETF,Global X Japan(25644),0.635%
S&P 米国株式・債券バランス保守型指数（TTM、円建て、円ヘッジ）,2863,ＮＥＸＴ ＦＵＮＤＳ Ｓ＆Ｐ米国株式・債券バランス保守型指数（為替ヘッジあり）連動型上場投信,野村アセットマネジメント(13064),0.23%
東証REIT指数,1343,ＮＥＸＴ ＦＵＮＤＳ 東証REIT指数連動型上場投信,野村アセットマネジメント(13064),0.16%
東証REIT指数,1345,上場インデックスファンドＪリート(東証ＲＥＩＴ指数)隔月分配型,日興アセットマネジメント(13084),0.30%
東証REIT指数,1597,ＭＡＸＩＳ Ｊリート上場投信,三菱UFJ国際投信(13444),0.15%
東証REIT指数,1595,NZAM 上場投信 東証REIT指数,農林中金全共連アセットマネジメント(15954),0.25%
東証REIT指数,1398,ＳＭＤＡＭ　東証ＲＥＩＴ指数上場投信,三井住友DSアセットマネジメント(15624),0.22%
東証REIT指数,1488,iFreeETF 東証REIT指数,大和アセットマネジメント(13054),0.16%
東証REIT指数,2552,上場インデックスファンドＪリート（東証ＲＥＩＴ指数）隔月分配型（ミニ）,日興アセットマネジメント(13084),0.25%
東証REIT指数,2555,東証ＲＥＩＴ　ＥＴＦ,シンプレクス・アセット・マネジメント(16714),0.25%
東証REIT指数,2556,Ｏｎｅ　ＥＴＦ　東証ＲＥＩＴ指数,アセットマネジメントOne(13694),0.16%
東証 REIT 指数（配当込み）,1476,iシェアーズ・コア　Ｊリート ETF,ブラックロック・ジャパン(13294),0.15%
東証REIT Core指数,2517,ＭＡＸＩＳ Ｊリート・コア上場投信,三菱ＵＦＪ国際投信(13444),0.15%
東証REIT Core指数,2527,NZAM 上場投信 東証REIT Core指数,農林中金全共連アセットマネジメント(15954),0.24%
東証REIT Core指数,2528,iFreeETF 東証REIT Core指数,大和アセットマネジメント(13054),0.20%
東証REIT物流フォーカス指数,2565,グローバルＸ ロジスティクス・J-REIT ETF,Global X Japan(25644),0.28%
S&P/ASX200 A-REIT指数,1555,上場インデックスファンド豪州リート（S&P/ASX200 A-REIT）,日興アセットマネジメント(13084),0.45％
FTSE EPRA/Nareitアジア（除く日本）リート10％キャップ指数,1495,上場インデックスファンドアジアリート,日興アセットマネジメント(13084),0.65％
FTSE Nareit Equity REITs インデックス（配当込み、TTM、 円建て）,1659,iシェアーズ 米国リート ETF,ブラックロック・ジャパン(13294),0.20％
野村高利回りJリート指数,1660,ＭＡＸＩＳ高利回りＪリート上場投信,三菱UFJ国際投信(13444),0.15%
S&P先進国REIT指数（除く日本、配当込み）,2515,ＮＥＸＴ ＦＵＮＤＳ 外国ＲＥＩＴ・Ｓ＆Ｐ先進国ＲＥＩＴ指数（除く日本・為替ヘッジなし）連動型上場投信,野村アセットマネジメント(13064),0.17％
日経ESG-REIT指数,2566,上場インデックスファンド日経ESGリート,日興アセットマネジメント(13084),0.15%
FTSE EPRA Nareitグリーン・フォーカスJ-REITセレクト・インデックス（配当込み）,2852,iシェアーズ　グリーンＪリート ETF,ブラックロック・ジャパン(13294),0.15％
Solactive Japan Green J-REIT Index,2855,グローバルＸ グリーン・J-REIT ETF,Global X Japan(25644),0.19%
Solactive Logistics REIT Index,2864,グローバルＸ ロジスティクス・REIT ETF,Global X Japan(25644),0.375%
CSI300,1322,上場インデックスファンド中国Ａ株（パンダ）E Fund CSI300,日興アセットマネジメント(13084),0.50％
ＣＳＩ スモールキャップ ５００指数,2553,Ｏｎｅ　ＥＴＦ　南方　中国Ａ株　ＣＳＩ５００,アセットマネジメントOne(13694),0.84％
上海50指数（円換算）,1309,NEXT FUNDS ChinaAMC・中国株式・上証50連動型上場投信,野村アセットマネジメント(13064),0.95％
SSE 180 インデックス,2530,ＭＡＸＩＳ ＨｕａＡｎ中国株式（上海１８０Ａ株）上場投信,三菱ＵＦＪ国際投信(13444),0.78％
STAR 50,2628,iFreeETF 中国科創板50（STAR50）,大和アセットマネジメント(13054),0.96％
GBA Innovation 100,2629,iFreeETF 中国グレーターベイエリア・イノベーション100（GBA100）,大和アセットマネジメント(13054),0.71％
Nifty50指数,1678,NEXT FUNDS インド株式指数・Nifty 50連動型上場投信,野村アセットマネジメント(13064),0.95%
SET50指数,1559,ＮＥＸＴ ＦＵＮＤＳ タイ株式ＳＥＴ５０指数連動型上場投信,野村アセットマネジメント(13064),0.55％
ＦＴＳＥブルサ・マレーシアＫＬＣＩ指数,1560,ＮＥＸＴ ＦＵＮＤＳ ＦＴＳＥブルサ・マレーシアＫＬＣＩ連動型上場投信,野村アセットマネジメント(13064),0.55％
MSCIパシフィック（除く日本） インデックス（ネットリターン）,1390,UBS ETF MSCIアジア太平洋株 （除く日本）,ＵＢＳファンド・マネジメント（ルクセンブルク）エス・エイ(13854),0.30%
ユーロ・ストックス50® インデックス（ネットリターン）,1385,UBS ETF ユーロ圏大型株50 （ユーロ・ストックス50）,ＵＢＳファンド・マネジメント（ルクセンブルク）エス・エイ(13854),0.15%
MSCIヨーロッパ・インデックス （ネットリターン）,1386,UBS ETF 欧州株 （MSCI ヨーロッパ）,ＵＢＳファンド・マネジメント（ルクセンブルク）エス・エイ(13854),0.20%
MSCI EMUインデックス （ネットリターン）,1387,UBS ETF ユーロ圏株 （MSCI EMU）,ＵＢＳファンド・マネジメント（ルクセンブルク）エス・エイ(13854),0.17%
MSCI EMU小型株インデックス （ネットリターン）,1388,UBS ETF ユーロ圏小型株 （MSCI EMU小型株）,ＵＢＳファンド・マネジメント（ルクセンブルク）エス・エイ(13854),0.33%
FTSE 100インデックス （トータルリターン）,1389,UBS ETF 英国大型株100 （FTSE 100）,ＵＢＳファンド・マネジメント（ルクセンブルク）エス・エイ(13854),0.20%
MSCIスイス20/35インデックス,1391,UBS ETF スイス株 （MSCIスイス20/35）,ＵＢＳファンド・マネジメント（ルクセンブルク）エス・エイ(13854),0.20%
MSCI英国インデックス （ネットリターン）,1392,UBS ETF 英国株 （MSCI英国） ,ＵＢＳファンド・マネジメント（ルクセンブルク）エス・エイ(13854),0.20%
ダウ・ジョーンズ工業株30種平均,1679,Simple-X NYダウ・ジョーンズ・インデックス上場投信,シンプレクス・アセット・マネジメント(16714),0.50％
ダウ・ジョーンズ工業株30種平均株価（円換算）,1546,ＮＥＸＴ ＦＵＮＤＳ ダウ・ジョーンズ工業株３０種平均株価（為替ヘッジなし）連動型上場投信,野村アセットマネジメント(13064),0.30％
ダウ・ジョーンズ工業株価平均（TTM、円建て、円ヘッジ）,2562,上場インデックスファンド米国株式（ダウ平均）為替ヘッジあり,日興アセットマネジメント(13084),0.25％
ダウ・ジョーンズ工業株３０種平均株価（TTM、円建て、円ヘッジ）,2846,ＮＥＸＴ ＦＵＮＤＳ ダウ・ジョーンズ工業株３０種平均株価（為替ヘッジあり）連動型上場投信,野村アセットマネジメント(13064),0.28％
ダウ・ジョーンズ工業株価平均（TTM、円建て）,2235,上場インデックスファンド米国株式（ダウ平均）為替ヘッジなし,日興アセットマネジメント(13084),0.25％
ダウ・ジョーンズ工業株価平均（円換算ベース）,2241,ＭＡＸＩＳ ＮＹダウ上場投信,三菱ＵＦＪ国際投信(13444),0.20％
ダウ・ジョーンズ工業株価平均（ＴＴＭ、円建て、円ヘッジ）,2242,ＭＡＸＩＳ ＮＹダウ上場投信（為替ヘッジあり）,三菱ＵＦＪ国際投信(13444),0.20％
S&P500指数,1547,上場インデックスファンド米国株式（S&P500）,日興アセットマネジメント(13084),0.15％
S&P500指数,1557,SPDR® S&P500® ETF,ステート・ストリート・グローバル・アドバイザーズ・トラスト・カンパニー(15574),0.09%
S&P500指数,2558,ＭＡＸＩＳ米国株式（Ｓ＆Ｐ５００）上場投信,三菱ＵＦＪ国際投信(13444),0.07％
S&P500指数,2633,ＮＥＸＴ ＦＵＮＤＳ Ｓ＆Ｐ 500 指数（為替ヘッジなし）連動型上場投信,野村アセットマネジメント(13064),0.07%
S&P500®（税引後配当込み、TTM、円建て）,1655,iシェアーズ　S&P 500 米国株 ETF,ブラックロック・ジャパン(13294),0.07%
S&P500指数（円ヘッジ）,2521,上場インデックスファンド米国株式（S&P500）為替ヘッジあり,日興アセットマネジメント(13084),0.15％
S&P500®（税引後配当込み、TTM、円建て、円ヘッジ）,2563,iシェアーズ　S&P 500 米国株 ETF（為替ヘッジあり）,ブラックロック・ジャパン(13294),0.07%
S&P500指数（TTM、円建て、円ヘッジ）,2634,ＮＥＸＴ ＦＵＮＤＳ Ｓ＆Ｐ 500 指数（為替ヘッジあり）連動型上場投信,野村アセットマネジメント(13064),0.07%
Ｓ＆Ｐ５００指数（円ヘッジ・円換算ベース）,2630,ＭＡＸＩＳ米国株式（Ｓ＆Ｐ５００）上場投信（為替ヘッジあり）,三菱ＵＦＪ国際投信(13444),0.07％
S&P 500 ESG指数,2635,ＮＥＸＴ ＦＵＮＤＳ Ｓ＆Ｐ 500 ＥＳＧ指数連動型上場投信,野村アセットマネジメント(13064),0.13％
S&P 500 VIX短期先物指数（円換算）,1552,国際のETF　VIX短期先物指数,三菱UFJ国際投信(13444),0.36％
S&P 500配当貴族指数（円換算）,2236,グローバルＸ S&P500配当貴族ETF,Global X Japan(25644),0.275％
NASDAQ-100®指数（円換算）,1545,ＮＥＸＴ ＦＵＮＤＳ ＮＡＳＤＡＱ－１００®（為替ヘッジなし）連動型上場投信,野村アセットマネジメント(13064),0.20％
NASDAQ100指数（円換算ベース）,2568,上場インデックスファンド米国株式（NASDAQ100）為替ヘッジなし,日興アセットマネジメント(13084),0.25％
NASDAQ100指数（円建て、円ヘッジ）,2569,上場インデックスファンド米国株式（NASDAQ100）為替ヘッジあり,日興アセットマネジメント(13084),0.25％
NASDAQ100指数（円建て、円ヘッジ）,2841,iFreeETF NASDAQ100（為替ヘッジあり）,大和アセットマネジメント(13054),0.2％
ＮＡＳＤＡＱ１００指数（円換算ベース）,2631,ＭＡＸＩＳナスダック１００上場投信,三菱ＵＦＪ国際投信(13444),0.20％
ＮＡＳＤＡＱ１００指数（円ヘッジ・円換算ベース）,2632,ＭＡＸＩＳナスダック１００上場投信（為替ヘッジあり）,三菱ＵＦＪ国際投信(13444),0.20％
NASDAQ100指数（円ベース）,2840,iFreeETF NASDAQ100（為替ヘッジなし）,大和アセットマネジメント(13054),0.2％
NASDAQ－１００指数（円建て・円ヘッジ）,2845,ＮＥＸＴ ＦＵＮＤＳ ＮＡＳＤＡＱ－１００®（為替ヘッジあり）連動型上場投信,野村アセットマネジメント(13064),0.18％
MSCI米国インデックス （ネットリターン）,1393,UBS ETF 米国株（MSCI米国）,ＵＢＳファンド・マネジメント（ルクセンブルク）エス・エイ(13854),0.14%
モスクワ取引所に上場する銘柄で構成されるロシアを代表する株価指数,1324,NEXT FUNDS ロシア株式指数連動型上場投信,野村アセットマネジメント(13064),0.06％
ボベスパ指数,1325,ＮＥＸＴ ＦＵＮＤＳ ブラジル株式指数・ボベスパ連動型上場投信,野村アセットマネジメント(13064),0.95%
MSCIワールド・インデックス （ネットリターン）,1394,UBS ETF 先進国株 （MSCIワールド）,ＵＢＳファンド・マネジメント（ルクセンブルク）エス・エイ(13854),0.30%
MSCI-KOKUSAIインデックス,1680,上場インデックスファンド海外先進国株式（MSCI-KOKUSAI）,日興アセットマネジメント(13084),0.24％
MSCI-KOKUSAIインデックス,1550,MAXIS 海外株式（MSCIコクサイ）上場投信,三菱UFJ国際投信(13444),0.15％
MSCI-KOKUSAIインデックス,2513,ＮＥＸＴ ＦＵＮＤＳ 外国株式・ＭＳＣＩ‐ＫＯＫＵＳＡＩ指数（為替ヘッジなし）連動型上場投信,野村アセットマネジメント(13064),0.17%
MSCI-KOKUSAI指数（円ベース・為替ヘッジあり）,2514,ＮＥＸＴ ＦＵＮＤＳ 外国株式・ＭＳＣＩ‐ＫＯＫＵＳＡＩ指数（為替ヘッジあり）連動型上場投信,野村アセットマネジメント(13064),0.17%
MSCI エマージング・マーケット・インデックス,1681,上場インデックスファンド海外新興国株式（MSCIエマージング）,日興アセットマネジメント(13084),0.24％
MSCI エマージング・マーケット・インデックス,2520,ＮＥＸＴ ＦＵＮＤＳ新興国株式・MSCIエマージング・マーケット・インデックス（為替ヘッジなし）連動型上場投信,野村アセットマネジメント(13064),0.19％
MSCI ACWI ex Japanインデックス,1554,上場インデックスファンド世界株式（MSCI ACWI）除く日本,日興アセットマネジメント(13084),0.24％
MSCI ACWIインデックス,2559,ＭＡＸＩＳ全世界株式（オール・カントリー）上場投信,三菱ＵＦＪ国際投信(13444),0.078％
MSCI コクサイ指数（税引後配当込み、国内投信用、円建て）,1657,iシェアーズ・コア MSCI 先進国株（除く日本）ETF,ブラックロック・ジャパン(13294),0.19%
MSCI エマージング・マーケッツ IMI 指数（税引後配当込み、国内投信用、円建て）,1658,iシェアーズ・コア MSCI 新興国株 ETF,ブラックロック・ジャパン(13294),0.23%
ＳＴＯＸＸ グローバルオートメーション アンド ロボティクス インデックス（TTM、円換算、ネットリターン）,2522,iシェアーズ　オートメーション ＆ ロボット ETF,ブラックロック・ジャパン(13294),0.48％
ユーロ・ストックス 50® 指数（TTM、円建て、円ヘッジ）,2859,ＮＥＸＴ ＦＵＮＤＳ ユーロ・ストックス 50 指数（為替ヘッジあり）連動型上場投信,野村アセットマネジメント(13064),0.18％
DAX®（ドイツ株価指数）（TTM、円建て、円ヘッジ）,2860,ＮＥＸＴ ＦＵＮＤＳ ドイツ株式・ＤＡＸ（為替ヘッジあり）連動型上場投信,野村アセットマネジメント(13064),0.18％
Solactive Autonomous & Electric Vehicles Index（円換算）,2867,グローバルＸ 自動運転＆EV ETF,Global X Japan(25644),0.64％
フィラデルフィア半導体株指数（円換算）,2243,グローバルＸ 半導体 ETF,Global X Japan(25644),0.375％
FactSet US Tech Top 20 Index（円換算）,2244,グローバルＸ US テック・トップ20 ETF,Global X Japan(25644),0.375％
NOMURA-BPI総合,2510,ＮＥＸＴ ＦＵＮＤＳ 国内債券・ＮＯＭＵＲＡ‐ＢＰＩ総合連動型上場投信,野村アセットマネジメント(13064),0.07%
ＦＴＳＥ日本国債インデックス,2561,iシェアーズ・コア　日本国債 ETF,ブラックロック・ジャパン(13294),0.06%
Markit iBoxx　ABF 汎アジア指数,1349,ABF汎アジア債券インデックス・ファンド(アジア国債・公債ETF),ステート・ストリート・グローバル・アドバイザーズ・シンガポール・リミテッド(13494),0.18%
FTSE世界国債インデックス（除く日本、ヘッジなし・円ベース）,1677,上場インデックスファンド海外債券（FTSE WGBI）毎月分配型,日興アセットマネジメント(13084),0.25％
FTSE世界国債インデックス（除く日本、ヘッジなし・円ベース）,2511,ＮＥＸＴ ＦＵＮＤＳ 外国債券・FTSE世界国債インデックス（除く日本・為替ヘッジなし）連動型上場投信,野村アセットマネジメント(13064),0.12%
FTSE世界国債インデックス（除く日本、円ヘッジ・円ベース）,2512,ＮＥＸＴ ＦＵＮＤＳ 外国債券・FTSE世界国債インデックス（除く日本・為替ヘッジあり）連動型上場投信,野村アセットマネジメント(13064),0.12％
ブルームバーグ自国通貨建て新興市場国債・10％国キャップ・インデックス,1566,上場インデックスファンド新興国債券,日興アセットマネジメント(13084),0.45％
J.P.モルガン・エマージング・マーケット・ボンド・インデックス・プラス,2519,ＮＥＸＴ ＦＵＮＤＳ新興国債券・J.P.モルガン・エマージング・マーケット・ボンド・インデックス・プラス（為替ヘッジなし）連動型上場投信,野村アセットマネジメント(13064),0.19%
FTSE米国債7-10年セレクト・インデックス（国内投信用 円ヘッジ円ベース）,1482,iシェアーズ・コア　米国債7-10年 ETF（為替ヘッジあり）,ブラックロック・ジャパン(13294),0.14%
S&P 米国債7-10年指数（TTM、円建て）,1486,上場インデックスファンド米国債券（為替ヘッジなし）,日興アセットマネジメント(13084),0.16％
S&P 米国債7-10年指数（TTM、円建て、円ヘッジ）,1487,上場インデックスファンド米国債券（為替ヘッジあり）,日興アセットマネジメント(13084),0.16％
Markit iBoxx 米ドル建てリキッド投資適格指数（TTM円ヘッジ付き）,1496,iシェアーズ　米ドル建て投資適格社債 ETF（為替ヘッジあり）,ブラックロック・ジャパン(13294),0.28%
Markit iBoxx 米ドル建てリキッド･ハイイールド指数（TTM円ヘッジ付き）,1497,iシェアーズ　米ドル建てハイイールド社債 ETF（為替ヘッジあり）,ブラックロック・ジャパン(13294),0.58%
FTSE米国債7-10年セレクト・インデックス（国内投信用 円ベース）,1656,iシェアーズ・コア 米国債7-10年 ETF,ブラックロック・ジャパン(13294),0.14%
ブルームバーグ米国投資適格社債（1-10年）インデックス（円ヘッジ・円ベース）,2554,ＮＥＸＴ ＦＵＮＤＳ ブルームバーグ米国投資適格社債（1-10年）インデックス（為替ヘッジあり）連動型上場投信,野村アセットマネジメント(13064),0.27％
ＦＴＳＥ米国債1-3年セレクト・インデックス（国内投信用 円ベース）,2620,iシェアーズ　米国債1-3年 ETF,ブラックロック・ジャパン(13294),0.14%
ＦＴＳＥ米国債20年超セレクト・インデックス（国内投信用 円ヘッジ円ベース）,2621,iシェアーズ　米国債20年超 ETF（為替ヘッジあり）,ブラックロック・ジャパン(13294),0.14%
J.P.モルガン・エマージング・マーケッツ・ボンド・インデックス・グローバル・コア・インデックス 国内投信用（円建て、円ヘッジ）,2622,iシェアーズ　米ドル建て新興国債券 ETF（為替ヘッジあり）,ブラックロック・ジャパン(13294),0.45%
ブルームバーグ・ユーロ社債インデックス TTM（為替ヘッジ有り、円ベース）,2623,iシェアーズ　ユーロ建て投資適格社債 ETF（為替ヘッジあり）,ブラックロック・ジャパン(13294),0.28%
ブルームバーグ米国国債（7-10年）インデックスTTM（為替ヘッジなし、円ベース）,2647,ＮＥＸＴ ＦＵＮＤＳ ブルームバーグ米国国債（7-10年）インデックス（為替ヘッジなし）連動型上場投信,野村アセットマネジメント(13064),0.13％
ブルームバーグ米国国債（7-10年）インデックスTTM（為替ヘッジあり、円ベース）,2648,ＮＥＸＴ ＦＵＮＤＳ ブルームバーグ米国国債（7-10年）インデックス（為替ヘッジあり）連動型上場投信,野村アセットマネジメント(13064),0.13％
S&P 米国債７-１０年指数（円換算ベース）,2838,ＭＡＸＩＳ米国国債７-１０年上場投信（為替ヘッジなし）,三菱ＵＦＪ国際投信(13444),0.12％
S&P 米国債７-１０年指数（円ヘッジ・円換算ベース）,2839,ＭＡＸＩＳ米国国債７-１０年上場投信（為替ヘッジあり）,三菱ＵＦＪ国際投信(13444),0.12％
ブルームバーグ米国GNMAインデックス TTM（為替ヘッジ有り、円ベース）,2649,iシェアーズ　米国政府系機関ジニーメイMBS ETF（為替ヘッジあり）,ブラックロック・ジャパン(13294),0.125％
ブルームバーグ豪州国債（7-10年）インデックス（為替ヘッジあり、円ベース）,2843,上場インデックスファンド豪州国債（為替ヘッジあり）,日興アセットマネジメント(13084),0.11％
ブルームバーグ豪州国債（7-10年）インデックスTTM（為替ヘッジなし、円ベース）,2844,上場インデックスファンド豪州国債（為替ヘッジなし）,日興アセットマネジメント(13084),0.11％
ＦＴＳＥアドバンスト気候リスク調整世界国債インデックス（除く日本、国内投信用、円ヘッジ・円ベース）,2853,iシェアーズ　気候リスク調整世界国債 ETF（除く日本・為替ヘッジあり）,ブラックロック・ジャパン(13294),0.12％
ＦＴＳＥ米国債3-7年セレクト・インデックス（国内投信用、円ヘッジ・円ベース）,2856,iシェアーズ　米国債3-7年 ETF（為替ヘッジあり）,ブラックロック・ジャパン(13294),0.14%
ＦＴＳＥドイツ国債インデックス（国内投信用、円ヘッジ・円ベース）,2857,i シェアーズ ドイツ国債 ETF（為替ヘッジあり）,ブラックロック・ジャパン(13294),0.12%
ブルームバーグ・フランス国債（7-10年）インデックスTTM（為替ヘッジなし、円ベース）,2861,上場インデックスファンドフランス国債（為替ヘッジなし）,日興アセットマネジメント(13084),0.11％
ブルームバーグ・フランス国債（7-10年）インデックスTTM（為替ヘッジあり、円ベース）,2862,上場インデックスファンドフランス国債（為替ヘッジあり,日興アセットマネジメント(13084),0.11％
ブルームバーグ・フランス国債（7-10年）インデックスTTM（為替ヘッジあり、円ベース）,2246,ＮＥＸＴ ＦＵＮＤＳ ブルームバーグ・フランス国債（7-10年）インデックス（為替ヘッジあり）連動型上場投信,野村アセットマネジメント(13064),0.1％
ICE BofA Diversified Core U.S. Preferred Securities Index（円換算）,2866,グローバルＸ 米国優先証券 ETF,Global X Japan(25644),0.255%
ブルームバーグ・ドイツ国債（7-10年）インデックスTTM（為替 ヘッジあり、円ベース）,2245,ＮＥＸＴ ＦＵＮＤＳ ブルームバーグ・ドイツ国債（7-10年）インデックス（為替ヘッジあり）連動型上場投信,野村アセットマネジメント(13064),0.1％
金,1328,ＮＥＸＴ ＦＵＮＤＳ 金価格連動型上場投信,野村アセットマネジメント(13064),0.5%
金,1326,SPDR®ゴールド・シェア　受益証券,ワールド・ゴールド・トラスト・サービシズ・エルエルシー(13264),0.4％
金,1672,WisdomTree　金上場投資信託,ウィズダムツリー・マネジメント・ジャージー・リミテッド(16724),0.39%
金,1540,純金上場信託（現物国内保管型）,三菱UFJ信託銀行(15404),0.40%
白金,1674,WisdomTree　白金上場投資信託,ウィズダムツリー・マネジメント・ジャージー・リミテッド(16724),0.49%
白金,1541,純プラチナ上場信託（現物国内保管型）,三菱UFJ信託銀行(15404),0.50%
日経・JPX白金指数,1682,ＮＥＸＴ ＦＵＮＤＳ日経・ＪＰＸ白金指数連動型上場投信,野村アセットマネジメント(13064),0.45%
銀,1673,WisdomTree　銀上場投資信託,ウィズダムツリー・マネジメント・ジャージー・リミテッド(16724),0.49%
銀,1542,純銀上場信託（現物国内保管型）,三菱UFJ信託銀行(15404),0.50%
パラジウム,1675,WisdomTree　パラジウム上場投資信託,ウィズダムツリー・マネジメント・ジャージー・リミテッド(16724),0.49%
パラジウム,1543,純パラジウム上場信託（現物国内保管型）,三菱UFJ信託銀行(15404),0.50%
WTI原油先物価格,1671,WTI原油価格連動型上場投信,シンプレクス・アセット・マネジメント(16714),0.85%
NOMURA原油ロングインデックス,1699,NEXT FUNDS NOMURA原油インデックス連動型上場投信,野村アセットマネジメント(13064),0.50%
貴金属バスケット(金、銀、白金、パラジウム),1676,WisdomTree　貴金属バスケット上場投資信託,ウィズダムツリー・マネジメント・ジャージー・リミテッド(16724),0.44%
Bloomberg Commodity Index,1684,WisdomTree　ブロード上場投資信託,ウィズダムツリー・マネジメント・ジャージー・リミテッド(16724),0.49%
Bloomberg Energy Subindex,1685,WisdomTree　エネルギー上場投資信託,ウィズダムツリー・マネジメント・ジャージー・リミテッド(16724),0.49%
Bloomberg Industrial Metals Subindex,1686,WisdomTree　産業用金属上場投資信託,ウィズダムツリー・マネジメント・ジャージー・リミテッド(16724),0.49%
Bloomberg Agriculture Subindex,1687,WisdomTree　農産物上場投資信託,ウィズダムツリー・マネジメント・ジャージー・リミテッド(16724),0.49%
Bloomberg Grains Subindex,1688,WisdomTree　穀物上場投資信託,ウィズダムツリー・マネジメント・ジャージー・リミテッド(16724),0.49%
Bloomberg Natural Gas Subindex,1689,WisdomTree　天然ガス上場投資信託,ウィズダムツリー・マネジメント・ジャージー・リミテッド(16724),0.49%
Bloomberg WTI Crude Oil Multi-Tenor Excess Return Index,1690,WisdomTree WTI 原油上場投資信託,ウィズダムツリー・マネジメント・ジャージー・リミテッド(16724),0.49%
Bloomberg Unleaded Gasoline Subindex,1691,WisdomTree　ガソリン上場投資信託,ウィズダムツリー・マネジメント・ジャージー・リミテッド(16724),0.49%
Bloomberg Aluminum Subindex,1692,WisdomTree　アルミニウム上場投資信託,ウィズダムツリー・マネジメント・ジャージー・リミテッド(16724),0.49%
Bloomberg Copper Subindex,1693,WisdomTree　銅上場投資信託,ウィズダムツリー・マネジメント・ジャージー・リミテッド(16724),0.49%
Bloomberg Nickel Subindex,1694,WisdomTree　ニッケル上場投資信託,ウィズダムツリー・マネジメント・ジャージー・リミテッド(16724),0.49%
Bloomberg Wheat Subindex,1695,WisdomTree　小麦上場投資信託,ウィズダムツリー・マネジメント・ジャージー・リミテッド(16724),0.49%
Bloomberg Corn Subindex,1696,WisdomTree　とうもろこし上場投資信託,ウィズダムツリー・マネジメント・ジャージー・リミテッド(16724),0.49%
Bloomberg Soybeans Subindex,1697,WisdomTree　大豆上場投資信託,ウィズダムツリー・マネジメント・ジャージー・リミテッド(16724),0.49%